,Cost,Mfr Dt Fz,Product,Contract Cust Id,Contract Dt,Contract Expiration Dt,Nbv,Billing Status Fz,Top1Lessee,Top3Lessees,MfrAge,ExpYear
20668,3849.0,4/6/2018,1,ONE,2018-02-01,2026-10-14,3123.453,1,0,1,4.47,4.06
3014,3682.0,2/28/2018,1,MSC,2018-03-01,2032-07-31,2917.31,1,1,1,4.57,9.86
8265,3702.0,6/11/2018,1,MSC,2018-03-01,2032-07-31,2967.91,1,1,1,4.29,9.86
11141,4420.0,3/24/2021,1,ONE,2020-11-16,2029-05-15,4155.25,1,0,1,1.5,6.65
17992,6000.0,4/12/2021,1,MSC,2021-04-01,2029-06-30,5612.35,1,1,1,1.45,6.77
14663,6000.0,4/8/2021,1,MSC,2021-04-01,2029-06-30,5612.35,1,1,1,1.46,6.77
13469,6007.0,4/28/2021,1,MSC,2021-04-01,2029-06-30,5618.8,1,1,1,1.41,6.77
23473,2267.0,3/22/2018,1,ONE,2018-02-01,2026-10-14,1896.09,1,0,1,4.51,4.06
21548,3849.0,4/6/2018,1,ONE,2018-02-01,2026-10-14,3123.459,1,0,1,4.47,4.06
6629,3682.0,1/1/2018,1,MSC,2018-03-01,2032-07-31,2933.006,1,1,1,4.73,9.86
12884,4420.0,3/3/2021,1,ONE,2020-11-16,2029-05-15,4117.43,1,0,1,1.56,6.65
10680,4420.0,3/24/2021,1,ONE,2020-11-16,2029-05-15,4136.34,1,0,1,1.5,6.65
8808,5150.0,4/20/2021,1,MSC,2021-04-01,2029-06-30,4773.96,1,1,1,1.43,6.77
14997,6000.0,4/8/2021,1,MSC,2021-04-01,2029-06-30,5612.35,1,1,1,1.46,6.77
13964,6007.0,4/28/2021,1,MSC,2021-04-01,2029-06-30,5618.8,1,1,1,1.41,6.77
1380,3832.0,12/18/2017,1,HAPAG,2017-11-01,2030-01-31,2981.838,1,0,1,4.77,7.36
29301,2182.0,1/2/2018,1,HAPAG,2017-11-01,2030-01-31,1784.486,1,0,1,4.73,7.36
16402,6000.0,5/9/2021,1,MSC,2021-04-01,2029-06-30,5612.35,1,1,1,1.38,6.77
6075,3682.0,1/1/2018,1,MSC,2018-03-01,2032-07-31,2933.0,1,1,1,4.73,9.86
20118,3849.0,4/6/2018,1,ONE,2018-02-01,2026-10-14,3123.45,1,0,1,4.47,4.06
14281,6000.0,4/8/2021,1,MSC,2021-04-01,2029-06-30,5612.35,1,1,1,1.46,6.77
16678,6000.0,5/9/2021,1,MSC,2021-04-01,2029-06-30,5612.35,1,1,1,1.38,6.77
3661,3682.0,2/28/2018,1,MSC,2018-03-01,2032-07-31,2917.311,1,1,1,4.57,9.86
10840,4420.0,3/24/2021,1,ONE,2020-11-16,2029-05-15,4155.25,1,0,1,1.5,6.65
13022,6007.0,4/28/2021,1,MSC,2021-04-01,2029-06-30,5591.07,1,1,1,1.41,6.77
625,3832.0,12/18/2017,1,HAPAG,2017-11-01,2030-01-31,2981.836,1,0,1,4.77,7.36
19865,3849.0,4/6/2018,1,ONE,2018-02-01,2026-10-14,3123.45,1,0,1,4.47,4.06
24464,2267.0,3/22/2018,1,ONE,2018-02-01,2026-10-14,1880.707,1,0,1,4.51,4.06
13333,6007.0,4/28/2021,1,MSC,2021-04-01,2029-06-30,5618.8,1,1,1,1.41,6.77
28996,2182.0,1/2/2018,1,HAPAG,2017-11-01,2030-01-31,1784.489,1,0,1,4.73,7.36
1058,3832.0,12/18/2017,1,HAPAG,2017-11-01,2030-01-31,2981.834,1,0,1,4.77,7.36
25264,2262.0,3/21/2018,1,ONE,2018-02-01,2026-10-14,1900.264,1,0,1,4.51,4.06
16734,6000.0,5/9/2021,1,MSC,2021-04-01,2029-06-30,5612.35,1,1,1,1.38,6.77
5638,3682.0,1/1/2018,1,MSC,2018-03-01,2032-07-31,2933.0,1,1,1,4.73,9.86
18602,6000.0,4/12/2021,1,MSC,2021-04-01,2029-06-30,5612.35,1,1,1,1.45,6.77
18152,6000.0,4/12/2021,1,MSC,2021-04-01,2029-06-30,5612.35,1,1,1,1.45,6.77
5486,3682.0,2/28/2018,1,MSC,2018-03-01,2032-07-31,2933.0,1,1,1,4.57,9.86
21525,3849.0,4/6/2018,1,ONE,2018-02-01,2026-10-14,3123.459,1,0,1,4.47,4.06
14783,6000.0,4/8/2021,1,MSC,2021-04-01,2029-06-30,5612.35,1,1,1,1.46,6.77
5253,3682.0,2/28/2018,1,MSC,2018-03-01,2032-07-31,2933.0,1,1,1,4.57,9.86
19938,3849.0,4/6/2018,1,ONE,2018-02-01,2026-10-14,3123.45,1,0,1,4.47,4.06
19508,3849.0,4/6/2018,1,ONE,2018-02-01,2026-10-14,3123.45,1,0,1,4.47,4.06
7075,3682.0,1/1/2018,1,TCLC,2018-02-01,2025-05-31,2917.311,1,0,0,4.73,2.69
2547,3714.8,7/13/2018,1,PANOCEAN,2018-07-16,2023-09-30,3023.447,1,0,0,4.2,1.02
26581,2267.0,3/16/2018,1,ONE,2018-02-01,2026-10-14,1904.174,1,0,1,4.53,4.06
14535,6000.0,4/8/2021,1,MSC,2021-04-01,2029-06-30,5612.35,1,1,1,1.46,6.77
17286,6000.0,5/9/2021,1,MSC,2021-04-01,2029-06-30,5612.35,1,1,1,1.38,6.77
15776,6000.0,4/8/2021,1,MSC,2021-04-01,2029-06-30,5612.35,1,1,1,1.46,6.77
27426,3682.0,1/1/2018,1,HAPAG,2017-11-01,2030-01-31,2869.54,1,0,1,4.73,7.36
21480,3849.0,4/6/2018,1,ONE,2018-02-01,2026-10-14,3123.459,1,0,1,4.47,4.06
7575,3702.0,6/11/2018,1,MSC,2018-03-01,2032-07-31,2983.22,1,1,1,4.29,9.86
9088,5150.0,4/20/2021,1,MSC,2021-04-01,2029-06-30,4773.96,1,1,1,1.43,6.77
26128,2262.0,3/21/2018,1,ONE,2018-02-01,2026-10-14,1884.21,1,0,1,4.51,4.06
15304,6000.0,4/8/2021,1,MSC,2021-04-01,2029-06-30,5612.35,1,1,1,1.46,6.77
832,3832.0,12/18/2017,1,HAPAG,2017-11-01,2030-01-31,2981.834,1,0,1,4.77,7.36
29468,2182.0,1/2/2018,1,HAPAG,2017-11-01,2030-01-31,1784.489,1,0,1,4.73,7.36
175,3832.0,12/18/2017,1,HAPAG,2017-11-01,2030-01-31,2981.836,1,0,1,4.77,7.36
5671,3682.0,1/1/2018,1,MSC,2018-03-01,2032-07-31,2933.0,1,1,1,4.73,9.86
29135,2182.0,1/2/2018,1,HAPAG,2017-11-01,2030-01-31,1784.485,1,0,1,4.73,7.36
10401,4420.0,3/24/2021,1,ONE,2020-11-16,2029-05-15,4136.34,1,0,1,1.5,6.65
24371,2267.0,3/22/2018,1,ONE,2018-02-01,2026-10-14,1880.705,1,0,1,4.51,4.06
16038,6000.0,4/8/2021,1,MSC,2021-04-01,2029-06-30,5612.35,1,1,1,1.46,6.77
14442,6000.0,4/8/2021,1,MSC,2021-04-01,2029-06-30,5612.35,1,1,1,1.46,6.77
830,3832.0,12/18/2017,1,HAPAG,2017-11-01,2030-01-31,2981.834,1,0,1,4.77,7.36
25233,2262.0,3/21/2018,1,ONE,2018-02-01,2026-10-14,1900.264,1,0,1,4.51,4.06
27097,3682.0,1/1/2018,1,HAPAG,2017-11-01,2030-01-31,2869.54,1,0,1,4.73,7.36
16952,6000.0,5/9/2021,1,MSC,2021-04-01,2029-06-30,5612.35,1,1,1,1.38,6.77
19737,3849.0,4/6/2018,1,ONE,2018-02-01,2026-10-14,3123.45,1,0,1,4.47,4.06
25983,2262.0,3/21/2018,1,ONE,2018-02-01,2026-10-14,1884.21,1,0,1,4.51,4.06
4106,3682.0,2/28/2018,1,MSC,2018-03-01,2032-07-31,2917.312,1,1,1,4.57,9.86
18886,5150.0,4/20/2021,1,MSC,2021-04-01,2029-06-30,4773.958,1,1,1,1.43,6.77
11191,4420.0,3/24/2021,1,ONE,2020-11-16,2029-05-15,4155.25,1,0,1,1.5,6.65
24904,2267.0,3/22/2018,1,ONE,2018-02-01,2026-10-14,1880.708,1,0,1,4.51,4.06
24155,2267.0,3/22/2018,1,ONE,2018-02-01,2026-10-14,1896.17,1,0,1,4.51,4.06
15077,6000.0,4/8/2021,1,MSC,2021-04-01,2029-06-30,5612.35,1,1,1,1.46,6.77
23196,2267.0,3/22/2018,1,ONE,2018-02-01,2026-10-14,1896.09,1,0,1,4.51,4.06
12055,4420.0,3/3/2021,1,ONE,2020-11-16,2029-05-15,4117.43,1,0,1,1.56,6.65
11187,4420.0,3/24/2021,1,ONE,2020-11-16,2029-05-15,4155.25,1,0,1,1.5,6.65
16731,6000.0,5/9/2021,1,MSC,2021-04-01,2029-06-30,5612.35,1,1,1,1.38,6.77
2052,3832.0,12/18/2017,1,HAPAG,2017-11-01,2030-01-31,2981.796,1,0,1,4.77,7.36
9492,5150.0,4/20/2021,1,MSC,2021-04-01,2029-06-30,4773.96,1,1,1,1.43,6.77
24687,2267.0,3/22/2018,1,ONE,2018-02-01,2026-10-14,1880.71,1,0,1,4.51,4.06
28485,3682.0,1/3/2018,1,HAPAG,2017-11-01,2030-01-31,2869.54,1,0,1,4.72,7.36
16852,6000.0,5/9/2021,1,MSC,2021-04-01,2029-06-30,5612.35,1,1,1,1.38,6.77
15569,6000.0,4/8/2021,1,MSC,2021-04-01,2029-06-30,5612.35,1,1,1,1.46,6.77
3817,3682.0,2/28/2018,1,MSC,2018-03-01,2032-07-31,2917.312,1,1,1,4.57,9.86
10898,4420.0,3/24/2021,1,ONE,2020-11-16,2029-05-15,4155.25,1,0,1,1.5,6.65
1260,3832.0,12/18/2017,1,HAPAG,2017-11-01,2030-01-31,2981.838,1,0,1,4.77,7.36
6414,3682.0,1/1/2018,1,MSC,2018-03-01,2032-07-31,2933.004,1,1,1,4.73,9.86
7233,3682.0,1/1/2018,1,CMA,2020-06-01,2032-05-31,2869.54,1,0,0,4.73,9.69
9293,5150.0,4/20/2021,1,MSC,2021-04-01,2029-06-30,4773.96,1,1,1,1.43,6.77
9493,4420.0,3/24/2021,1,ONE,2020-11-16,2029-05-15,4136.34,1,0,1,1.5,6.65
3591,3682.0,2/28/2018,1,MSC,2018-03-01,2032-07-31,2917.311,1,1,1,4.57,9.86
9254,5150.0,4/20/2021,1,MSC,2021-04-01,2029-06-30,4773.96,1,1,1,1.43,6.77
8581,3773.0,7/13/2018,1,COSMR,2019-01-01,2024-04-30,3126.976,1,0,0,4.2,1.6
23577,2267.0,3/22/2018,1,ONE,2018-02-01,2026-10-14,1879.915,1,0,1,4.51,4.06
1220,3832.0,12/18/2017,1,HAPAG,2017-11-01,2030-01-31,2981.838,1,0,1,4.77,7.36
28062,3682.0,1/3/2018,1,HAPAG,2017-11-01,2030-01-31,2869.54,1,0,1,4.72,7.36
2650,3682.0,2/28/2018,1,MSC,2018-03-01,2032-07-31,2917.31,1,1,1,4.57,9.86
20953,3849.0,4/6/2018,1,ONE,2018-02-01,2026-10-14,3123.453,1,0,1,4.47,4.06
18332,6000.0,4/12/2021,1,MSC,2021-04-01,2029-06-30,5612.35,1,1,1,1.45,6.77
4688,3682.0,2/28/2018,1,MSC,2018-03-01,2032-07-31,2933.007,1,1,1,4.57,9.86
4546,3682.0,2/28/2018,1,MSC,2018-03-01,2032-07-31,2933.008,1,1,1,4.57,9.86
2723,3682.0,2/28/2018,1,MSC,2018-03-01,2032-07-31,2917.31,1,1,1,4.57,9.86
12090,4420.0,3/3/2021,1,ONE,2020-11-16,2029-05-15,4117.43,1,0,1,1.56,6.65
14761,6000.0,4/8/2021,1,MSC,2021-04-01,2029-06-30,5612.35,1,1,1,1.46,6.77
4502,3682.0,2/28/2018,1,MSC,2018-03-01,2032-07-31,2933.012,1,1,1,4.57,9.86
3382,3682.0,2/28/2018,1,MSC,2018-03-01,2032-07-31,2917.31,1,1,1,4.57,9.86
6065,3682.0,1/1/2018,1,MSC,2018-03-01,2032-07-31,2933.0,1,1,1,4.73,9.86
4371,3682.0,2/28/2018,1,MSC,2018-03-01,2032-07-31,2917.313,1,1,1,4.57,9.86
21116,3849.0,4/6/2018,1,ONE,2018-02-01,2026-10-14,3123.456,1,0,1,4.47,4.06
5233,3682.0,2/28/2018,1,MSC,2018-03-01,2032-07-31,2933.0,1,1,1,4.57,9.86
27759,3682.0,1/3/2018,1,HAPAG,2017-11-01,2030-01-31,2869.54,1,0,1,4.72,7.36
2732,3682.0,2/28/2018,1,MSC,2018-03-01,2032-07-31,2917.31,1,1,1,4.57,9.86
14583,6000.0,4/8/2021,1,MSC,2021-04-01,2029-06-30,5612.35,1,1,1,1.46,6.77
5189,3682.0,2/28/2018,1,MSC,2018-03-01,2032-07-31,2933.0,1,1,1,4.57,9.86
17294,6000.0,5/9/2021,1,MSC,2021-04-01,2029-06-30,5612.35,1,1,1,1.38,6.77
9376,5150.0,4/20/2021,1,MSC,2021-04-01,2029-06-30,4773.96,1,1,1,1.43,6.77
2286,3832.0,12/18/2017,1,HAPAG,2017-11-01,2030-01-31,2981.794,1,0,1,4.77,7.36
16726,6000.0,5/9/2021,1,MSC,2021-04-01,2029-06-30,5612.35,1,1,1,1.38,6.77
10909,4420.0,3/24/2021,1,ONE,2020-11-16,2029-05-15,4155.25,1,0,1,1.5,6.65
15985,6000.0,4/8/2021,1,MSC,2021-04-01,2029-06-30,5612.35,1,1,1,1.46,6.77
1597,3832.0,12/18/2017,1,HAPAG,2017-11-01,2030-01-31,2981.798,1,0,1,4.77,7.36
28704,2182.0,1/2/2018,1,HAPAG,2017-11-01,2030-01-31,1784.484,1,0,1,4.73,7.36
28622,2182.0,1/2/2018,1,HAPAG,2017-11-01,2030-01-31,1784.488,1,0,1,4.73,7.36
26582,2267.0,3/16/2018,1,ONE,2018-02-01,2026-10-14,1904.174,1,0,1,4.53,4.06
7617,3702.0,6/11/2018,1,MSC,2018-03-01,2032-07-31,2983.211,1,1,1,4.29,9.86
4774,3682.0,2/28/2018,1,MSC,2018-03-01,2032-07-31,2933.004,1,1,1,4.57,9.86
23649,2267.0,3/22/2018,1,ONE,2018-02-01,2026-10-14,1879.92,1,0,1,4.51,4.06
16849,6000.0,5/9/2021,1,MSC,2021-04-01,2029-06-30,5612.35,1,1,1,1.38,6.77
20522,3849.0,4/6/2018,1,ONE,2018-02-01,2026-10-14,3123.453,1,0,1,4.47,4.06
11324,4420.0,3/24/2021,1,ONE,2020-11-16,2029-05-15,4155.25,1,0,1,1.5,6.65
21761,2267.0,3/22/2018,1,ONE,2018-02-01,2026-10-14,1888.0,1,0,1,4.51,4.06
3541,3682.0,2/28/2018,1,MSC,2018-03-01,2032-07-31,2917.311,1,1,1,4.57,9.86
4436,3682.0,2/28/2018,1,MSC,2018-03-01,2032-07-31,2933.008,1,1,1,4.57,9.86
28060,3682.0,1/3/2018,1,HAPAG,2017-11-01,2030-01-31,2869.54,1,0,1,4.72,7.36
19088,5150.0,5/21/2021,1,MSC,2021-04-01,2029-06-30,4801.46,1,1,1,1.34,6.77
17159,6000.0,5/9/2021,1,MSC,2021-04-01,2029-06-30,5612.35,1,1,1,1.38,6.77
5156,3682.0,2/28/2018,1,MSC,2018-03-01,2032-07-31,2933.0,1,1,1,4.57,9.86
28493,3682.0,1/3/2018,1,HAPAG,2017-11-01,2030-01-31,2869.54,1,0,1,4.72,7.36
12186,4420.0,3/3/2021,1,ONE,2020-11-16,2029-05-15,4117.43,1,0,1,1.56,6.65
8463,3702.0,6/11/2018,1,MSC,2018-03-01,2032-07-31,2967.91,1,1,1,4.29,9.86
2598,3714.8,7/13/2018,1,PANOCEAN,2018-07-16,2023-09-30,3023.447,1,0,0,4.2,1.02
10137,4420.0,3/24/2021,1,ONE,2020-11-16,2029-05-15,4136.34,1,0,1,1.5,6.65
8951,5150.0,4/20/2021,1,MSC,2021-04-01,2029-06-30,4773.96,1,1,1,1.43,6.77
19944,3849.0,4/6/2018,1,ONE,2018-02-01,2026-10-14,3123.45,1,0,1,4.47,4.06
9205,5150.0,4/20/2021,1,MSC,2021-04-01,2029-06-30,4773.96,1,1,1,1.43,6.77
26860,3682.0,1/1/2018,1,HAPAG,2017-11-01,2030-01-31,2869.54,1,0,1,4.73,7.36
25139,2262.0,3/21/2018,1,ONE,2018-02-01,2026-10-14,1900.264,1,0,1,4.51,4.06
21445,3849.0,4/6/2018,1,ONE,2018-02-01,2026-10-14,3123.462,1,0,1,4.47,4.06
20802,3849.0,4/6/2018,1,ONE,2018-02-01,2026-10-14,3123.453,1,0,1,4.47,4.06
14515,6000.0,4/8/2021,1,MSC,2021-04-01,2029-06-30,5612.35,1,1,1,1.46,6.77
10552,4420.0,3/24/2021,1,ONE,2020-11-16,2029-05-15,4136.34,1,0,1,1.5,6.65
29483,2182.0,1/2/2018,1,HAPAG,2017-11-01,2030-01-31,1784.489,1,0,1,4.73,7.36
26377,2267.0,3/16/2018,1,ONE,2018-02-01,2026-10-14,1904.18,1,0,1,4.53,4.06
22808,2267.0,3/22/2018,1,ONE,2018-02-01,2026-10-14,1896.088,1,0,1,4.51,4.06
5139,3682.0,2/28/2018,1,MSC,2018-03-01,2032-07-31,2933.0,1,1,1,4.57,9.86
20035,3849.0,4/6/2018,1,ONE,2018-02-01,2026-10-14,3123.45,1,0,1,4.47,4.06
6145,3682.0,1/1/2018,1,MSC,2018-03-01,2032-07-31,2933.0,1,1,1,4.73,9.86
9985,4420.0,3/24/2021,1,ONE,2020-11-16,2029-05-15,4136.34,1,0,1,1.5,6.65
23518,2267.0,3/22/2018,1,ONE,2018-02-01,2026-10-14,1904.182,1,0,1,4.51,4.06
29959,2182.0,1/2/2018,1,HAPAG,2017-11-01,2030-01-31,1784.49,1,0,1,4.73,7.36
16034,6000.0,4/8/2021,1,MSC,2021-04-01,2029-06-30,5612.35,1,1,1,1.46,6.77
7379,3702.0,6/11/2018,1,MSC,2018-03-01,2032-07-31,2983.22,1,1,1,4.29,9.86
18764,6000.0,4/12/2021,1,MSC,2021-04-01,2029-06-30,5612.35,1,1,1,1.45,6.77
4524,3682.0,2/28/2018,1,MSC,2018-03-01,2032-07-31,2933.012,1,1,1,4.57,9.86
3122,3682.0,2/28/2018,1,MSC,2018-03-01,2032-07-31,2917.31,1,1,1,4.57,9.86
13867,6007.0,4/28/2021,1,MSC,2021-04-01,2029-06-30,5618.8,1,1,1,1.41,6.77
9430,5150.0,4/20/2021,1,MSC,2021-04-01,2029-06-30,4773.96,1,1,1,1.43,6.77
20934,3849.0,4/6/2018,1,ONE,2018-02-01,2026-10-14,3123.453,1,0,1,4.47,4.06
7408,3702.0,6/11/2018,1,MSC,2018-03-01,2032-07-31,2983.22,1,1,1,4.29,9.86
26155,2262.0,3/21/2018,1,ONE,2018-02-01,2026-10-14,1884.21,1,0,1,4.51,4.06
15143,6000.0,4/8/2021,1,MSC,2021-04-01,2029-06-30,5612.35,1,1,1,1.46,6.77
20505,3849.0,4/6/2018,1,ONE,2018-02-01,2026-10-14,3123.453,1,0,1,4.47,4.06
21978,2267.0,3/22/2018,1,ONE,2018-02-01,2026-10-14,1888.003,1,0,1,4.51,4.06
12199,4420.0,3/3/2021,1,ONE,2020-11-16,2029-05-15,4117.43,1,0,1,1.56,6.65
23768,2267.0,3/22/2018,1,ONE,2018-02-01,2026-10-14,1879.92,1,0,1,4.51,4.06
28137,3682.0,1/3/2018,1,HAPAG,2017-11-01,2030-01-31,2869.54,1,0,1,4.72,7.36
24459,2267.0,3/22/2018,1,ONE,2018-02-01,2026-10-14,1880.707,1,0,1,4.51,4.06
24632,2267.0,3/22/2018,1,ONE,2018-02-01,2026-10-14,1880.71,1,0,1,4.51,4.06
16611,6000.0,5/9/2021,1,MSC,2021-04-01,2029-06-30,5612.35,1,1,1,1.38,6.77
13820,6007.0,4/28/2021,1,MSC,2021-04-01,2029-06-30,5618.8,1,1,1,1.41,6.77
2109,3832.0,12/18/2017,1,HAPAG,2017-11-01,2030-01-31,2981.795,1,0,1,4.77,7.36
18248,6000.0,4/12/2021,1,MSC,2021-04-01,2029-06-30,5612.35,1,1,1,1.45,6.77
6814,3682.0,1/1/2018,1,MSC,2018-03-01,2032-07-31,2933.008,1,1,1,4.73,9.86
17295,6000.0,5/9/2021,1,MSC,2021-04-01,2029-06-30,5612.35,1,1,1,1.38,6.77
20458,3849.0,4/6/2018,1,ONE,2018-02-01,2026-10-14,3123.453,1,0,1,4.47,4.06
5389,3682.0,2/28/2018,1,MSC,2018-03-01,2032-07-31,2933.0,1,1,1,4.57,9.86
9457,5150.0,4/20/2021,1,MSC,2021-04-01,2029-06-30,4773.96,1,1,1,1.43,6.77
5166,3682.0,2/28/2018,1,MSC,2018-03-01,2032-07-31,2933.0,1,1,1,4.57,9.86
11656,4420.0,3/3/2021,1,ONE,2020-11-16,2029-05-15,4117.43,1,0,1,1.56,6.65
19090,5150.0,5/21/2021,1,MSC,2021-04-01,2029-06-30,4801.46,1,1,1,1.34,6.77
4669,3682.0,2/28/2018,1,MSC,2018-03-01,2032-07-31,2933.013,1,1,1,4.57,9.86
19406,3849.0,4/6/2018,1,ONE,2018-02-01,2026-10-14,3123.45,1,0,1,4.47,4.06
21002,3849.0,4/6/2018,1,ONE,2018-02-01,2026-10-14,3123.456,1,0,1,4.47,4.06
4758,3682.0,2/28/2018,1,MSC,2018-03-01,2032-07-31,2933.004,1,1,1,4.57,9.86
5517,3682.0,2/28/2018,1,MSC,2018-03-01,2032-07-31,2933.0,1,1,1,4.57,9.86
16472,6000.0,5/9/2021,1,MSC,2021-04-01,2029-06-30,5612.35,1,1,1,1.38,6.77
8014,3702.0,6/11/2018,1,MSC,2018-03-01,2032-07-31,2967.91,1,1,1,4.29,9.86
10121,4420.0,3/24/2021,1,ONE,2020-11-16,2029-05-15,4136.34,1,0,1,1.5,6.65
21491,3849.0,4/6/2018,1,ONE,2018-02-01,2026-10-14,3123.459,1,0,1,4.47,4.06
3171,3682.0,2/28/2018,1,MSC,2018-03-01,2032-07-31,2917.31,1,1,1,4.57,9.86
22663,2267.0,3/22/2018,1,ONE,2018-02-01,2026-10-14,1888.0,1,0,1,4.51,4.06
21006,3849.0,4/6/2018,1,ONE,2018-02-01,2026-10-14,3123.456,1,0,1,4.47,4.06
20895,3849.0,4/6/2018,1,ONE,2018-02-01,2026-10-14,3123.453,1,0,1,4.47,4.06
27987,3682.0,1/3/2018,1,HAPAG,2017-11-01,2030-01-31,2869.54,1,0,1,4.72,7.36
9451,5150.0,4/20/2021,1,MSC,2021-04-01,2029-06-30,4773.96,1,1,1,1.43,6.77
7632,3702.0,6/11/2018,1,MSC,2018-03-01,2032-07-31,2983.211,1,1,1,4.29,9.86
17999,6000.0,4/12/2021,1,MSC,2021-04-01,2029-06-30,5612.35,1,1,1,1.45,6.77
7453,3702.0,6/11/2018,1,MSC,2018-03-01,2032-07-31,2983.22,1,1,1,4.29,9.86
7278,3682.0,1/1/2018,1,CMA,2020-06-01,2032-05-31,2869.538,1,0,0,4.73,9.69
23567,2267.0,3/22/2018,1,ONE,2018-02-01,2026-10-14,1904.18,1,0,1,4.51,4.06
1330,3832.0,12/18/2017,1,HAPAG,2017-11-01,2030-01-31,2981.838,1,0,1,4.77,7.36
9760,4420.0,3/24/2021,1,ONE,2020-11-16,2029-05-15,4136.34,1,0,1,1.5,6.65
12892,4420.0,3/3/2021,1,ONE,2020-11-16,2029-05-15,4117.43,1,0,1,1.56,6.65
18659,6000.0,4/12/2021,1,MSC,2021-04-01,2029-06-30,5612.35,1,1,1,1.45,6.77
19408,3849.0,4/6/2018,1,ONE,2018-02-01,2026-10-14,3123.45,1,0,1,4.47,4.06
12332,4420.0,3/3/2021,1,ONE,2020-11-16,2029-05-15,4117.43,1,0,1,1.56,6.65
28895,2182.0,1/2/2018,1,HAPAG,2017-11-01,2030-01-31,1784.486,1,0,1,4.73,7.36
29823,2182.0,1/2/2018,1,HAPAG,2017-11-01,2030-01-31,1784.49,1,0,1,4.73,7.36
24784,2267.0,3/22/2018,1,ONE,2018-02-01,2026-10-14,1880.71,1,0,1,4.51,4.06
12914,4420.0,2/23/2021,1,ONE,2020-11-16,2029-05-15,4117.43,1,0,1,1.58,6.65
25873,2262.0,3/21/2018,1,ONE,2018-02-01,2026-10-14,1884.21,1,0,1,4.51,4.06
21953,2267.0,3/22/2018,1,ONE,2018-02-01,2026-10-14,1888.004,1,0,1,4.51,4.06
6398,3682.0,1/1/2018,1,MSC,2018-03-01,2032-07-31,2933.004,1,1,1,4.73,9.86
9911,4420.0,3/24/2021,1,ONE,2020-11-16,2029-05-15,4136.34,1,0,1,1.5,6.65
20502,3849.0,4/6/2018,1,ONE,2018-02-01,2026-10-14,3123.453,1,0,1,4.47,4.06
16819,6000.0,5/9/2021,1,MSC,2021-04-01,2029-06-30,5612.35,1,1,1,1.38,6.77
20489,3849.0,4/6/2018,1,ONE,2018-02-01,2026-10-14,3123.453,1,0,1,4.47,4.06
23827,2267.0,3/22/2018,1,ONE,2018-02-01,2026-10-14,1879.91,1,0,1,4.51,4.06
5493,3682.0,2/28/2018,1,MSC,2018-03-01,2032-07-31,2933.0,1,1,1,4.57,9.86
28553,3682.0,1/3/2018,1,HAPAG,2017-11-01,2030-01-31,2885.58,1,0,1,4.72,7.36
20658,3849.0,4/6/2018,1,ONE,2018-02-01,2026-10-14,3123.453,1,0,1,4.47,4.06
28197,3682.0,1/3/2018,1,HAPAG,2017-11-01,2030-01-31,2869.54,1,0,1,4.72,7.36
15562,6000.0,4/8/2021,1,MSC,2021-04-01,2029-06-30,5612.35,1,1,1,1.46,6.77
29417,2182.0,1/2/2018,1,HAPAG,2017-11-01,2030-01-31,1784.488,1,0,1,4.73,7.36
8122,3702.0,6/11/2018,1,MSC,2018-03-01,2032-07-31,2967.91,1,1,1,4.29,9.86
4173,3682.0,2/28/2018,1,MSC,2018-03-01,2032-07-31,2917.313,1,1,1,4.57,9.86
25905,2262.0,3/21/2018,1,ONE,2018-02-01,2026-10-14,1884.21,1,0,1,4.51,4.06
27139,3682.0,1/1/2018,1,HAPAG,2017-11-01,2030-01-31,2869.54,1,0,1,4.73,7.36
13301,6007.0,4/28/2021,1,MSC,2021-04-01,2029-06-30,5618.8,1,1,1,1.41,6.77
23013,2267.0,3/22/2018,1,ONE,2018-02-01,2026-10-14,1896.09,1,0,1,4.51,4.06
28219,3682.0,1/3/2018,1,HAPAG,2017-11-01,2030-01-31,2869.54,1,0,1,4.72,7.36
11807,4420.0,3/3/2021,1,ONE,2020-11-16,2029-05-15,4117.43,1,0,1,1.56,6.65
3018,3682.0,2/28/2018,1,MSC,2018-03-01,2032-07-31,2917.31,1,1,1,4.57,9.86
28237,3682.0,1/3/2018,1,HAPAG,2017-11-01,2030-01-31,2869.54,1,0,1,4.72,7.36
26559,2267.0,3/16/2018,1,ONE,2018-02-01,2026-10-14,1904.174,1,0,1,4.53,4.06
19689,3849.0,4/6/2018,1,ONE,2018-02-01,2026-10-14,3123.45,1,0,1,4.47,4.06
20322,3849.0,4/6/2018,1,ONE,2018-02-01,2026-10-14,3123.45,1,0,1,4.47,4.06
29291,2182.0,1/2/2018,1,HAPAG,2017-11-01,2030-01-31,1784.486,1,0,1,4.73,7.36
9831,4420.0,3/24/2021,1,ONE,2020-11-16,2029-05-15,4136.34,1,0,1,1.5,6.65
27890,3682.0,1/3/2018,1,HAPAG,2017-11-01,2030-01-31,2869.54,1,0,1,4.72,7.36
13121,6007.0,4/28/2021,1,MSC,2021-04-01,2029-06-30,5591.07,1,1,1,1.41,6.77
12786,4420.0,3/3/2021,1,ONE,2020-11-16,2029-05-15,4117.43,1,0,1,1.56,6.65
28926,2182.0,1/2/2018,1,HAPAG,2017-11-01,2030-01-31,1784.488,1,0,1,4.73,7.36
23807,2267.0,3/22/2018,1,ONE,2018-02-01,2026-10-14,1879.91,1,0,1,4.51,4.06
13894,6007.0,4/28/2021,1,MSC,2021-04-01,2029-06-30,5618.8,1,1,1,1.41,6.77
13122,6007.0,4/28/2021,1,MSC,2021-04-01,2029-06-30,5591.07,1,1,1,1.41,6.77
7435,3702.0,6/11/2018,1,MSC,2018-03-01,2032-07-31,2983.22,1,1,1,4.29,9.86
26687,2267.0,3/16/2018,1,ONE,2018-02-01,2026-10-14,1904.185,1,0,1,4.53,4.06
17149,6000.0,5/9/2021,1,MSC,2021-04-01,2029-06-30,5612.35,1,1,1,1.38,6.77
4431,3682.0,2/28/2018,1,MSC,2018-03-01,2032-07-31,2933.004,1,1,1,4.57,9.86
20781,3849.0,4/6/2018,1,ONE,2018-02-01,2026-10-14,3123.453,1,0,1,4.47,4.06
19862,3849.0,4/6/2018,1,ONE,2018-02-01,2026-10-14,3123.45,1,0,1,4.47,4.06
4743,3682.0,2/28/2018,1,MSC,2018-03-01,2032-07-31,2933.004,1,1,1,4.57,9.86
23583,2267.0,3/22/2018,1,ONE,2018-02-01,2026-10-14,1879.915,1,0,1,4.51,4.06
9346,5150.0,4/20/2021,1,MSC,2021-04-01,2029-06-30,4773.96,1,1,1,1.43,6.77
11927,4420.0,3/3/2021,1,ONE,2020-11-16,2029-05-15,4117.43,1,0,1,1.56,6.65
1781,3832.0,12/18/2017,1,HAPAG,2017-11-01,2030-01-31,2981.797,1,0,1,4.77,7.36
29529,2182.0,1/2/2018,1,HAPAG,2017-11-01,2030-01-31,1784.489,1,0,1,4.73,7.36
22609,2267.0,3/22/2018,1,ONE,2018-02-01,2026-10-14,1888.0,1,0,1,4.51,4.06
15870,6000.0,4/8/2021,1,MSC,2021-04-01,2029-06-30,5612.35,1,1,1,1.46,6.77
2448,3832.0,12/18/2017,1,HAPAG,2017-11-01,2030-01-31,2981.794,1,0,1,4.77,7.36
28075,3682.0,1/3/2018,1,HAPAG,2017-11-01,2030-01-31,2869.54,1,0,1,4.72,7.36
26749,3682.0,1/1/2018,1,HAPAG,2017-11-01,2030-01-31,2869.54,1,0,1,4.73,7.36
21200,3849.0,4/6/2018,1,ONE,2018-02-01,2026-10-14,3123.456,1,0,1,4.47,4.06
19782,3849.0,4/6/2018,1,ONE,2018-02-01,2026-10-14,3123.45,1,0,1,4.47,4.06
23422,2267.0,3/22/2018,1,ONE,2018-02-01,2026-10-14,1896.09,1,0,1,4.51,4.06
19849,3849.0,4/6/2018,1,ONE,2018-02-01,2026-10-14,3123.45,1,0,1,4.47,4.06
6952,3682.0,1/1/2018,1,MSC,2018-03-01,2032-07-31,2933.006,1,1,1,4.73,9.86
18434,6000.0,4/12/2021,1,MSC,2021-04-01,2029-06-30,5612.35,1,1,1,1.45,6.77
16450,6000.0,5/9/2021,1,MSC,2021-04-01,2029-06-30,5612.35,1,1,1,1.38,6.77
5641,3682.0,1/1/2018,1,MSC,2018-03-01,2032-07-31,2933.0,1,1,1,4.73,9.86
12208,4420.0,3/3/2021,1,ONE,2020-11-16,2029-05-15,4117.43,1,0,1,1.56,6.65
577,3832.0,12/18/2017,1,HAPAG,2017-11-01,2030-01-31,2981.836,1,0,1,4.77,7.36
26342,2267.0,3/16/2018,1,ONE,2018-02-01,2026-10-14,1904.18,1,0,1,4.53,4.06
5262,3682.0,2/28/2018,1,MSC,2018-03-01,2032-07-31,2933.0,1,1,1,4.57,9.86
21128,3849.0,4/6/2018,1,ONE,2018-02-01,2026-10-14,3123.456,1,0,1,4.47,4.06
13132,6007.0,4/28/2021,1,MSC,2021-04-01,2029-06-30,5618.8,1,1,1,1.41,6.77
13822,6007.0,4/28/2021,1,MSC,2021-04-01,2029-06-30,5618.8,1,1,1,1.41,6.77
17492,6000.0,5/9/2021,1,MSC,2021-04-01,2029-06-30,5612.35,1,1,1,1.38,6.77
5739,3682.0,1/1/2018,1,MSC,2018-03-01,2032-07-31,2933.0,1,1,1,4.73,9.86
15266,6000.0,4/8/2021,1,MSC,2021-04-01,2029-06-30,5612.35,1,1,1,1.46,6.77
18251,6000.0,4/12/2021,1,MSC,2021-04-01,2029-06-30,5612.35,1,1,1,1.45,6.77
23128,2267.0,3/22/2018,1,ONE,2018-02-01,2026-10-14,1896.09,1,0,1,4.51,4.06
8342,3702.0,6/11/2018,1,MSC,2018-03-01,2032-07-31,2967.91,1,1,1,4.29,9.86
3064,3682.0,2/28/2018,1,MSC,2018-03-01,2032-07-31,2917.31,1,1,1,4.57,9.86
4132,3682.0,2/28/2018,1,MSC,2018-03-01,2032-07-31,2917.313,1,1,1,4.57,9.86
21459,3849.0,4/6/2018,1,ONE,2018-02-01,2026-10-14,3123.459,1,0,1,4.47,4.06
5391,3682.0,2/28/2018,1,MSC,2018-03-01,2032-07-31,2933.0,1,1,1,4.57,9.86
4365,3682.0,2/28/2018,1,MSC,2018-03-01,2032-07-31,2917.313,1,1,1,4.57,9.86
8631,3773.0,7/13/2018,1,COSMR,2019-01-01,2024-04-30,3126.973,1,0,0,4.2,1.6
7849,3702.0,6/11/2018,1,MSC,2018-03-01,2032-07-31,2983.214,1,1,1,4.29,9.86
28597,2182.0,1/2/2018,1,HAPAG,2017-11-01,2030-01-31,1784.489,1,0,1,4.73,7.36
11827,4420.0,3/3/2021,1,ONE,2020-11-16,2029-05-15,4117.43,1,0,1,1.56,6.65
13990,6007.0,4/28/2021,1,MSC,2021-04-01,2029-06-30,5618.8,1,1,1,1.41,6.77
26996,3682.0,1/1/2018,1,HAPAG,2017-11-01,2030-01-31,2869.54,1,0,1,4.73,7.36
28069,3682.0,1/3/2018,1,HAPAG,2017-11-01,2030-01-31,2869.54,1,0,1,4.72,7.36
6401,3682.0,1/1/2018,1,MSC,2018-03-01,2032-07-31,2933.004,1,1,1,4.73,9.86
21323,3849.0,4/6/2018,1,ONE,2018-02-01,2026-10-14,3123.456,1,0,1,4.47,4.06
26942,3682.0,1/1/2018,1,HAPAG,2017-11-01,2030-01-31,2869.54,1,0,1,4.73,7.36
27177,3682.0,1/1/2018,1,HAPAG,2017-11-01,2030-01-31,2869.54,1,0,1,4.73,7.36
19996,3849.0,4/6/2018,1,ONE,2018-02-01,2026-10-14,3123.45,1,0,1,4.47,4.06
25865,2262.0,3/21/2018,1,ONE,2018-02-01,2026-10-14,1884.21,1,0,1,4.51,4.06
9315,5150.0,4/20/2021,1,MSC,2021-04-01,2029-06-30,4773.96,1,1,1,1.43,6.77
17698,6000.0,5/9/2021,1,MSC,2021-04-01,2029-06-30,5612.35,1,1,1,1.38,6.77
25285,2262.0,3/21/2018,1,ONE,2018-02-01,2026-10-14,1900.275,1,0,1,4.51,4.06
5590,3682.0,2/28/2018,1,MSC,2018-03-01,2032-07-31,2933.0,1,1,1,4.57,9.86
10290,4420.0,3/24/2021,1,ONE,2020-11-16,2029-05-15,4136.34,1,0,1,1.5,6.65
11005,4420.0,3/24/2021,1,ONE,2020-11-16,2029-05-15,4155.25,1,0,1,1.5,6.65
5167,3682.0,2/28/2018,1,MSC,2018-03-01,2032-07-31,2933.0,1,1,1,4.57,9.86
13216,6007.0,4/28/2021,1,MSC,2021-04-01,2029-06-30,5618.8,1,1,1,1.41,6.77
13729,6007.0,4/28/2021,1,MSC,2021-04-01,2029-06-30,5618.8,1,1,1,1.41,6.77
11276,4420.0,3/24/2021,1,ONE,2020-11-16,2029-05-15,4155.25,1,0,1,1.5,6.65
13215,6007.0,4/28/2021,1,MSC,2021-04-01,2029-06-30,5618.8,1,1,1,1.41,6.77
29186,2182.0,1/2/2018,1,HAPAG,2017-11-01,2030-01-31,1784.485,1,0,1,4.73,7.36
4887,3682.0,2/28/2018,1,MSC,2018-03-01,2032-07-31,2933.008,1,1,1,4.57,9.86
14832,6000.0,4/8/2021,1,MSC,2021-04-01,2029-06-30,5612.35,1,1,1,1.46,6.77
25801,2262.0,3/21/2018,1,ONE,2018-02-01,2026-10-14,1884.21,1,0,1,4.51,4.06
16364,6000.0,5/9/2021,1,MSC,2021-04-01,2029-06-30,5612.35,1,1,1,1.38,6.77
19714,3849.0,4/6/2018,1,ONE,2018-02-01,2026-10-14,3123.45,1,0,1,4.47,4.06
29402,2182.0,1/2/2018,1,HAPAG,2017-11-01,2030-01-31,1784.488,1,0,1,4.73,7.36
7432,3702.0,6/11/2018,1,MSC,2018-03-01,2032-07-31,2983.22,1,1,1,4.29,9.86
1318,3832.0,12/18/2017,1,HAPAG,2017-11-01,2030-01-31,2981.838,1,0,1,4.77,7.36
23415,2267.0,3/22/2018,1,ONE,2018-02-01,2026-10-14,1896.09,1,0,1,4.51,4.06
10274,4420.0,3/24/2021,1,ONE,2020-11-16,2029-05-15,4136.34,1,0,1,1.5,6.65
9698,4420.0,3/24/2021,1,ONE,2020-11-16,2029-05-15,4136.34,1,0,1,1.5,6.65
22165,2267.0,3/22/2018,1,ONE,2018-02-01,2026-10-14,1888.001,1,0,1,4.51,4.06
7390,3702.0,6/11/2018,1,MSC,2018-03-01,2032-07-31,2983.22,1,1,1,4.29,9.86
7363,3702.0,6/11/2018,1,MSC,2018-03-01,2032-07-31,2983.22,1,1,1,4.29,9.86
2265,3832.0,12/18/2017,1,HAPAG,2017-11-01,2030-01-31,2981.797,1,0,1,4.77,7.36
25906,2262.0,3/21/2018,1,ONE,2018-02-01,2026-10-14,1884.21,1,0,1,4.51,4.06
15174,6000.0,4/8/2021,1,MSC,2021-04-01,2029-06-30,5612.35,1,1,1,1.46,6.77
4953,3682.0,2/28/2018,1,MSC,2018-03-01,2032-07-31,2933.004,1,1,1,4.57,9.86
23904,2267.0,3/22/2018,1,ONE,2018-02-01,2026-10-14,1896.17,1,0,1,4.51,4.06
8202,3702.0,6/11/2018,1,MSC,2018-03-01,2032-07-31,2967.91,1,1,1,4.29,9.86
11707,4420.0,3/3/2021,1,ONE,2020-11-16,2029-05-15,4117.43,1,0,1,1.56,6.65
27920,3682.0,1/3/2018,1,HAPAG,2017-11-01,2030-01-31,2869.54,1,0,1,4.72,7.36
6236,3682.0,1/1/2018,1,MSC,2018-03-01,2032-07-31,2933.0,1,1,1,4.73,9.86
24346,2267.0,3/22/2018,1,ONE,2018-02-01,2026-10-14,1880.705,1,0,1,4.51,4.06
3548,3682.0,2/28/2018,1,MSC,2018-03-01,2032-07-31,2917.311,1,1,1,4.57,9.86
27885,3682.0,1/3/2018,1,HAPAG,2017-11-01,2030-01-31,2869.54,1,0,1,4.72,7.36
12616,4420.0,3/3/2021,1,ONE,2020-11-16,2029-05-15,4117.43,1,0,1,1.56,6.65
28260,3682.0,1/3/2018,1,HAPAG,2017-11-01,2030-01-31,2869.54,1,0,1,4.72,7.36
15335,6000.0,4/8/2021,1,MSC,2021-04-01,2029-06-30,5612.35,1,1,1,1.46,6.77
2680,3682.0,2/28/2018,1,MSC,2018-03-01,2032-07-31,2917.31,1,1,1,4.57,9.86
16693,6000.0,5/9/2021,1,MSC,2021-04-01,2029-06-30,5612.35,1,1,1,1.38,6.77
831,3832.0,12/18/2017,1,HAPAG,2017-11-01,2030-01-31,2981.834,1,0,1,4.77,7.36
1038,3832.0,12/18/2017,1,HAPAG,2017-11-01,2030-01-31,2981.834,1,0,1,4.77,7.36
6391,3682.0,1/1/2018,1,MSC,2018-03-01,2032-07-31,2933.004,1,1,1,4.73,9.86
28536,3682.0,1/3/2018,1,HAPAG,2017-11-01,2030-01-31,2869.54,1,0,1,4.72,7.36
25120,2262.0,3/21/2018,1,ONE,2018-02-01,2026-10-14,1900.264,1,0,1,4.51,4.06
12685,4420.0,3/3/2021,1,ONE,2020-11-16,2029-05-15,4117.43,1,0,1,1.56,6.65
22273,2267.0,3/22/2018,1,ONE,2018-02-01,2026-10-14,1888.0,1,0,1,4.51,4.06
7942,3702.0,6/11/2018,1,MSC,2018-03-01,2032-07-31,2983.211,1,1,1,4.29,9.86
18382,6000.0,4/12/2021,1,MSC,2021-04-01,2029-06-30,5612.35,1,1,1,1.45,6.77
2774,3682.0,2/28/2018,1,MSC,2018-03-01,2032-07-31,2917.31,1,1,1,4.57,9.86
21220,3849.0,4/6/2018,1,ONE,2018-02-01,2026-10-14,3123.456,1,0,1,4.47,4.06
27738,3682.0,1/1/2018,1,HAPAG,2017-11-01,2030-01-31,2869.54,1,0,1,4.73,7.36
17308,6000.0,5/9/2021,1,MSC,2021-04-01,2029-06-30,5612.35,1,1,1,1.38,6.77
22741,2267.0,3/22/2018,1,ONE,2018-02-01,2026-10-14,1888.005,1,0,1,4.51,4.06
6974,3682.0,1/1/2018,1,MSC,2018-03-01,2032-07-31,2933.003,1,1,1,4.73,9.86
12082,4420.0,3/3/2021,1,ONE,2020-11-16,2029-05-15,4117.43,1,0,1,1.56,6.65
12220,4420.0,3/3/2021,1,ONE,2020-11-16,2029-05-15,4117.43,1,0,1,1.56,6.65
8206,3702.0,6/11/2018,1,MSC,2018-03-01,2032-07-31,2967.91,1,1,1,4.29,9.86
13554,6007.0,4/28/2021,1,MSC,2021-04-01,2029-06-30,5618.8,1,1,1,1.41,6.77
2355,3832.0,12/18/2017,1,HAPAG,2017-11-01,2030-01-31,2981.832,1,0,1,4.77,7.36
28583,3789.06,1/1/2018,1,HAPAG,2017-11-01,2030-01-31,2944.55,1,0,1,4.73,7.36
15730,6000.0,4/8/2021,1,MSC,2021-04-01,2029-06-30,5612.35,1,1,1,1.46,6.77
8042,3702.0,6/11/2018,1,MSC,2018-03-01,2032-07-31,2967.91,1,1,1,4.29,9.86
14933,6000.0,4/8/2021,1,MSC,2021-04-01,2029-06-30,5612.35,1,1,1,1.46,6.77
9022,5150.0,4/20/2021,1,MSC,2021-04-01,2029-06-30,4773.96,1,1,1,1.43,6.77
10792,4420.0,3/24/2021,1,ONE,2020-11-16,2029-05-15,4155.25,1,0,1,1.5,6.65
12057,4420.0,3/3/2021,1,ONE,2020-11-16,2029-05-15,4117.43,1,0,1,1.56,6.65
12551,4420.0,3/3/2021,1,ONE,2020-11-16,2029-05-15,4117.43,1,0,1,1.56,6.65
22448,2267.0,3/22/2018,1,ONE,2018-02-01,2026-10-14,1888.005,1,0,1,4.51,4.06
4983,3682.0,2/28/2018,1,MSC,2018-03-01,2032-07-31,2933.008,1,1,1,4.57,9.86
14881,6000.0,4/8/2021,1,MSC,2021-04-01,2029-06-30,5612.35,1,1,1,1.46,6.77
3253,3682.0,2/28/2018,1,MSC,2018-03-01,2032-07-31,2917.31,1,1,1,4.57,9.86
5874,3682.0,1/1/2018,1,MSC,2018-03-01,2032-07-31,2933.0,1,1,1,4.73,9.86
22033,2267.0,3/22/2018,1,ONE,2018-02-01,2026-10-14,1888.002,1,0,1,4.51,4.06
4465,3682.0,2/28/2018,1,MSC,2018-03-01,2032-07-31,2933.008,1,1,1,4.57,9.86
5756,3682.0,1/1/2018,1,MSC,2018-03-01,2032-07-31,2933.0,1,1,1,4.73,9.86
9295,5150.0,4/20/2021,1,MSC,2021-04-01,2029-06-30,4773.96,1,1,1,1.43,6.77
16338,6000.0,5/9/2021,1,MSC,2021-04-01,2029-06-30,5612.35,1,1,1,1.38,6.77
3871,3682.0,2/28/2018,1,MSC,2018-03-01,2032-07-31,2917.312,1,1,1,4.57,9.86
5550,3682.0,2/28/2018,1,MSC,2018-03-01,2032-07-31,2933.0,1,1,1,4.57,9.86
20588,3849.0,4/6/2018,1,ONE,2018-02-01,2026-10-14,3123.453,1,0,1,4.47,4.06
3951,3682.0,2/28/2018,1,MSC,2018-03-01,2032-07-31,2917.312,1,1,1,4.57,9.86
22675,2267.0,3/22/2018,1,ONE,2018-02-01,2026-10-14,1888.0,1,0,1,4.51,4.06
23310,2267.0,3/22/2018,1,ONE,2018-02-01,2026-10-14,1896.08,1,0,1,4.51,4.06
26709,2267.0,3/16/2018,1,ONE,2018-02-01,2026-10-14,1904.185,1,0,1,4.53,4.06
13409,6007.0,4/28/2021,1,MSC,2021-04-01,2029-06-30,5618.8,1,1,1,1.41,6.77
26452,2267.0,3/16/2018,1,ONE,2018-02-01,2026-10-14,1904.18,1,0,1,4.53,4.06
24066,2267.0,3/22/2018,1,ONE,2018-02-01,2026-10-14,1896.155,1,0,1,4.51,4.06
28519,3682.0,1/3/2018,1,HAPAG,2017-11-01,2030-01-31,2869.54,1,0,1,4.72,7.36
2769,3682.0,2/28/2018,1,MSC,2018-03-01,2032-07-31,2917.31,1,1,1,4.57,9.86
8489,3702.0,6/11/2018,1,MSC,2018-03-01,2032-07-31,2967.86,1,1,1,4.29,9.86
24435,2267.0,3/22/2018,1,ONE,2018-02-01,2026-10-14,1880.706,1,0,1,4.51,4.06
29630,2182.0,1/2/2018,1,HAPAG,2017-11-01,2030-01-31,1784.49,1,0,1,4.73,7.36
23716,2267.0,3/22/2018,1,ONE,2018-02-01,2026-10-14,1879.92,1,0,1,4.51,4.06
11170,4420.0,3/24/2021,1,ONE,2020-11-16,2029-05-15,4155.25,1,0,1,1.5,6.65
29617,2182.0,1/2/2018,1,HAPAG,2017-11-01,2030-01-31,1784.49,1,0,1,4.73,7.36
651,3832.0,12/18/2017,1,HAPAG,2017-11-01,2030-01-31,2981.836,1,0,1,4.77,7.36
26368,2267.0,3/16/2018,1,ONE,2018-02-01,2026-10-14,1904.18,1,0,1,4.53,4.06
18002,6000.0,4/12/2021,1,MSC,2021-04-01,2029-06-30,5612.35,1,1,1,1.45,6.77
3896,3682.0,2/28/2018,1,MSC,2018-03-01,2032-07-31,2917.312,1,1,1,4.57,9.86
2189,3832.0,12/18/2017,1,HAPAG,2017-11-01,2030-01-31,2981.799,1,0,1,4.77,7.36
7245,3682.0,1/1/2018,1,CMA,2020-06-01,2032-05-31,2869.539,1,0,0,4.73,9.69
22578,2267.0,3/22/2018,1,ONE,2018-02-01,2026-10-14,1888.004,1,0,1,4.51,4.06
12996,6007.0,4/28/2021,1,MSC,2021-04-01,2029-06-30,5591.07,1,1,1,1.41,6.77
16728,6000.0,5/9/2021,1,MSC,2021-04-01,2029-06-30,5612.35,1,1,1,1.38,6.77
29346,2182.0,1/2/2018,1,HAPAG,2017-11-01,2030-01-31,1784.486,1,0,1,4.73,7.36
15012,6000.0,4/8/2021,1,MSC,2021-04-01,2029-06-30,5612.35,1,1,1,1.46,6.77
16947,6000.0,5/9/2021,1,MSC,2021-04-01,2029-06-30,5612.35,1,1,1,1.38,6.77
23364,2267.0,3/22/2018,1,ONE,2018-02-01,2026-10-14,1896.086,1,0,1,4.51,4.06
8513,3702.0,6/11/2018,1,MSC,2018-03-01,2032-07-31,2967.86,1,1,1,4.29,9.86
7192,3682.0,1/1/2018,1,CMA,2020-06-01,2032-05-31,2869.539,1,0,0,4.73,9.69
25214,2262.0,3/21/2018,1,ONE,2018-02-01,2026-10-14,1900.264,1,0,1,4.51,4.06
11105,4420.0,3/24/2021,1,ONE,2020-11-16,2029-05-15,4155.25,1,0,1,1.5,6.65
1244,3832.0,12/18/2017,1,HAPAG,2017-11-01,2030-01-31,2981.838,1,0,1,4.77,7.36
7473,3702.0,6/11/2018,1,MSC,2018-03-01,2032-07-31,2983.22,1,1,1,4.29,9.86
11799,4420.0,3/3/2021,1,ONE,2020-11-16,2029-05-15,4117.43,1,0,1,1.56,6.65
28382,3682.0,1/3/2018,1,HAPAG,2017-11-01,2030-01-31,2869.54,1,0,1,4.72,7.36
23988,2267.0,3/22/2018,1,ONE,2018-02-01,2026-10-14,1896.152,1,0,1,4.51,4.06
27778,3682.0,1/3/2018,1,HAPAG,2017-11-01,2030-01-31,2869.54,1,0,1,4.72,7.36
20115,3849.0,4/6/2018,1,ONE,2018-02-01,2026-10-14,3123.45,1,0,1,4.47,4.06
15249,6000.0,4/8/2021,1,MSC,2021-04-01,2029-06-30,5612.35,1,1,1,1.46,6.77
21359,3849.0,4/6/2018,1,ONE,2018-02-01,2026-10-14,3123.459,1,0,1,4.47,4.06
22682,2267.0,3/22/2018,1,ONE,2018-02-01,2026-10-14,1888.002,1,0,1,4.51,4.06
1448,3832.0,12/18/2017,1,HAPAG,2017-11-01,2030-01-31,2981.838,1,0,1,4.77,7.36
11635,4420.0,3/3/2021,1,ONE,2020-11-16,2029-05-15,4117.43,1,0,1,1.56,6.65
8092,3702.0,6/11/2018,1,MSC,2018-03-01,2032-07-31,2967.91,1,1,1,4.29,9.86
17509,6000.0,5/9/2021,1,MSC,2021-04-01,2029-06-30,5612.35,1,1,1,1.38,6.77
5111,3682.0,2/28/2018,1,MSC,2018-03-01,2032-07-31,2933.012,1,1,1,4.57,9.86
24048,2267.0,3/22/2018,1,ONE,2018-02-01,2026-10-14,1896.155,1,0,1,4.51,4.06
5779,3682.0,1/1/2018,1,MSC,2018-03-01,2032-07-31,2933.0,1,1,1,4.73,9.86
6317,3682.0,1/1/2018,1,MSC,2018-03-01,2032-07-31,2933.004,1,1,1,4.73,9.86
5649,3682.0,1/1/2018,1,MSC,2018-03-01,2032-07-31,2933.0,1,1,1,4.73,9.86
5138,3682.0,2/28/2018,1,MSC,2018-03-01,2032-07-31,2933.0,1,1,1,4.57,9.86
10955,4420.0,3/24/2021,1,ONE,2020-11-16,2029-05-15,4155.25,1,0,1,1.5,6.65
24389,2267.0,3/22/2018,1,ONE,2018-02-01,2026-10-14,1880.705,1,0,1,4.51,4.06
13051,6007.0,4/28/2021,1,MSC,2021-04-01,2029-06-30,5591.07,1,1,1,1.41,6.77
6241,3682.0,1/1/2018,1,MSC,2018-03-01,2032-07-31,2933.0,1,1,1,4.73,9.86
11066,4420.0,3/24/2021,1,ONE,2020-11-16,2029-05-15,4155.25,1,0,1,1.5,6.65
684,3832.0,12/18/2017,1,HAPAG,2017-11-01,2030-01-31,2981.836,1,0,1,4.77,7.36
4243,3682.0,2/28/2018,1,MSC,2018-03-01,2032-07-31,2917.313,1,1,1,4.57,9.86
8783,5150.0,4/20/2021,1,MSC,2021-04-01,2029-06-30,4773.96,1,1,1,1.43,6.77
20566,3849.0,4/6/2018,1,ONE,2018-02-01,2026-10-14,3123.453,1,0,1,4.47,4.06
18168,6000.0,4/12/2021,1,MSC,2021-04-01,2029-06-30,5612.35,1,1,1,1.45,6.77
4259,3682.0,2/28/2018,1,MSC,2018-03-01,2032-07-31,2917.314,1,1,1,4.57,9.86
11253,4420.0,3/24/2021,1,ONE,2020-11-16,2029-05-15,4155.25,1,0,1,1.5,6.65
4654,3682.0,2/28/2018,1,MSC,2018-03-01,2032-07-31,2933.013,1,1,1,4.57,9.86
8427,3702.0,6/11/2018,1,MSC,2018-03-01,2032-07-31,2967.91,1,1,1,4.29,9.86
17662,6000.0,5/9/2021,1,MSC,2021-04-01,2029-06-30,5612.35,1,1,1,1.38,6.77
4722,3682.0,2/28/2018,1,MSC,2018-03-01,2032-07-31,2933.004,1,1,1,4.57,9.86
9621,4420.0,3/24/2021,1,ONE,2020-11-16,2029-05-15,4136.34,1,0,1,1.5,6.65
19924,3849.0,4/6/2018,1,ONE,2018-02-01,2026-10-14,3123.45,1,0,1,4.47,4.06
13771,6007.0,4/28/2021,1,MSC,2021-04-01,2029-06-30,5618.8,1,1,1,1.41,6.77
14286,6000.0,4/8/2021,1,MSC,2021-04-01,2029-06-30,5612.35,1,1,1,1.46,6.77
15367,6000.0,4/8/2021,1,MSC,2021-04-01,2029-06-30,5612.35,1,1,1,1.46,6.77
17897,6000.0,5/9/2021,1,MSC,2021-04-01,2029-06-30,5612.35,1,1,1,1.38,6.77
27740,3682.0,1/1/2018,1,HAPAG,2017-11-01,2030-01-31,2869.54,1,0,1,4.73,7.36
17002,6000.0,5/9/2021,1,MSC,2021-04-01,2029-06-30,5612.35,1,1,1,1.38,6.77
1534,3832.0,12/18/2017,1,HAPAG,2017-11-01,2030-01-31,2981.84,1,0,1,4.77,7.36
17416,6000.0,5/9/2021,1,MSC,2021-04-01,2029-06-30,5612.35,1,1,1,1.38,6.77
8075,3702.0,6/11/2018,1,MSC,2018-03-01,2032-07-31,2967.91,1,1,1,4.29,9.86
18880,5150.0,4/20/2021,1,MSC,2021-04-01,2029-06-30,4773.958,1,1,1,1.43,6.77
26773,3682.0,1/1/2018,1,HAPAG,2017-11-01,2030-01-31,2869.54,1,0,1,4.73,7.36
11476,4420.0,3/24/2021,1,ONE,2020-11-16,2029-05-15,4155.25,1,0,1,1.5,6.65
1461,3832.0,12/18/2017,1,HAPAG,2017-11-01,2030-01-31,2981.838,1,0,1,4.77,7.36
208,3832.0,12/18/2017,1,HAPAG,2017-11-01,2030-01-31,2981.836,1,0,1,4.77,7.36
25496,2262.0,3/21/2018,1,ONE,2018-02-01,2026-10-14,1900.26,1,0,1,4.51,4.06
20715,3849.0,4/6/2018,1,ONE,2018-02-01,2026-10-14,3123.453,1,0,1,4.47,4.06
1882,3832.0,12/18/2017,1,HAPAG,2017-11-01,2030-01-31,2981.797,1,0,1,4.77,7.36
4429,3682.0,2/28/2018,1,MSC,2018-03-01,2032-07-31,2933.004,1,1,1,4.57,9.86
10515,4420.0,3/24/2021,1,ONE,2020-11-16,2029-05-15,4136.34,1,0,1,1.5,6.65
16299,6000.0,5/9/2021,1,MSC,2021-04-01,2029-06-30,5612.35,1,1,1,1.38,6.77
9190,5150.0,4/20/2021,1,MSC,2021-04-01,2029-06-30,4773.96,1,1,1,1.43,6.77
12465,4420.0,3/3/2021,1,ONE,2020-11-16,2029-05-15,4117.43,1,0,1,1.56,6.65
121,3832.0,12/18/2017,1,HAPAG,2017-11-01,2030-01-31,2981.836,1,0,1,4.77,7.36
28504,3682.0,1/3/2018,1,HAPAG,2017-11-01,2030-01-31,2869.54,1,0,1,4.72,7.36
22936,2267.0,3/22/2018,1,ONE,2018-02-01,2026-10-14,1896.088,1,0,1,4.51,4.06
28870,2182.0,1/2/2018,1,HAPAG,2017-11-01,2030-01-31,1784.485,1,0,1,4.73,7.36
14605,6000.0,4/8/2021,1,MSC,2021-04-01,2029-06-30,5612.35,1,1,1,1.46,6.77
20504,3849.0,4/6/2018,1,ONE,2018-02-01,2026-10-14,3123.453,1,0,1,4.47,4.06
2048,3832.0,12/18/2017,1,HAPAG,2017-11-01,2030-01-31,2981.796,1,0,1,4.77,7.36
11330,4420.0,3/24/2021,1,ONE,2020-11-16,2029-05-15,4155.25,1,0,1,1.5,6.65
27732,3682.0,1/1/2018,1,HAPAG,2017-11-01,2030-01-31,2869.54,1,0,1,4.73,7.36
3414,3682.0,2/28/2018,1,MSC,2018-03-01,2032-07-31,2917.311,1,1,1,4.57,9.86
20383,3849.0,4/6/2018,1,ONE,2018-02-01,2026-10-14,3123.45,1,0,1,4.47,4.06
6524,3682.0,1/1/2018,1,MSC,2018-03-01,2032-07-31,2933.008,1,1,1,4.73,9.86
23629,2267.0,3/22/2018,1,ONE,2018-02-01,2026-10-14,1879.92,1,0,1,4.51,4.06
21903,2267.0,3/22/2018,1,ONE,2018-02-01,2026-10-14,1888.004,1,0,1,4.51,4.06
28458,3682.0,1/3/2018,1,HAPAG,2017-11-01,2030-01-31,2869.54,1,0,1,4.72,7.36
26213,2262.0,3/21/2018,1,ONE,2018-02-01,2026-10-14,1884.21,1,0,1,4.51,4.06
29197,2182.0,1/2/2018,1,HAPAG,2017-11-01,2030-01-31,1784.486,1,0,1,4.73,7.36
14723,6000.0,4/8/2021,1,MSC,2021-04-01,2029-06-30,5612.35,1,1,1,1.46,6.77
26041,2262.0,3/21/2018,1,ONE,2018-02-01,2026-10-14,1884.21,1,0,1,4.51,4.06
21182,3849.0,4/6/2018,1,ONE,2018-02-01,2026-10-14,3123.456,1,0,1,4.47,4.06
21458,3849.0,4/6/2018,1,ONE,2018-02-01,2026-10-14,3123.459,1,0,1,4.47,4.06
8708,3773.0,7/13/2018,1,COSMR,2019-01-01,2024-04-30,3126.982,1,0,0,4.2,1.6
19639,3849.0,4/6/2018,1,ONE,2018-02-01,2026-10-14,3123.45,1,0,1,4.47,4.06
4088,3682.0,2/28/2018,1,MSC,2018-03-01,2032-07-31,2917.312,1,1,1,4.57,9.86
3123,3682.0,2/28/2018,1,MSC,2018-03-01,2032-07-31,2917.31,1,1,1,4.57,9.86
12422,4420.0,3/3/2021,1,ONE,2020-11-16,2029-05-15,4117.43,1,0,1,1.56,6.65
28847,2182.0,1/2/2018,1,HAPAG,2017-11-01,2030-01-31,1784.485,1,0,1,4.73,7.36
8232,3702.0,6/11/2018,1,MSC,2018-03-01,2032-07-31,2967.91,1,1,1,4.29,9.86
20251,3849.0,4/6/2018,1,ONE,2018-02-01,2026-10-14,3123.45,1,0,1,4.47,4.06
28210,3682.0,1/3/2018,1,HAPAG,2017-11-01,2030-01-31,2869.54,1,0,1,4.72,7.36
8394,3702.0,6/11/2018,1,MSC,2018-03-01,2032-07-31,2967.91,1,1,1,4.29,9.86
26767,3682.0,1/1/2018,1,HAPAG,2017-11-01,2030-01-31,2869.54,1,0,1,4.73,7.36
25009,2262.0,3/21/2018,1,ONE,2018-02-01,2026-10-14,1900.264,1,0,1,4.51,4.06
9314,5150.0,4/20/2021,1,MSC,2021-04-01,2029-06-30,4773.96,1,1,1,1.43,6.77
3095,3682.0,2/28/2018,1,MSC,2018-03-01,2032-07-31,2917.31,1,1,1,4.57,9.86
22076,2267.0,3/22/2018,1,ONE,2018-02-01,2026-10-14,1888.001,1,0,1,4.51,4.06
26040,2262.0,3/21/2018,1,ONE,2018-02-01,2026-10-14,1884.21,1,0,1,4.51,4.06
9644,4420.0,3/24/2021,1,ONE,2020-11-16,2029-05-15,4136.34,1,0,1,1.5,6.65
4529,3682.0,2/28/2018,1,MSC,2018-03-01,2032-07-31,2933.012,1,1,1,4.57,9.86
6923,3682.0,1/1/2018,1,MSC,2018-03-01,2032-07-31,2933.009,1,1,1,4.73,9.86
4991,3682.0,2/28/2018,1,MSC,2018-03-01,2032-07-31,2933.008,1,1,1,4.57,9.86
9795,4420.0,3/24/2021,1,ONE,2020-11-16,2029-05-15,4136.34,1,0,1,1.5,6.65
13776,6007.0,4/28/2021,1,MSC,2021-04-01,2029-06-30,5618.8,1,1,1,1.41,6.77
26805,3682.0,1/1/2018,1,HAPAG,2017-11-01,2030-01-31,2869.54,1,0,1,4.73,7.36
19110,5150.0,5/21/2021,1,MSC,2021-04-01,2029-06-30,4801.46,1,1,1,1.34,6.77
18586,6000.0,4/12/2021,1,MSC,2021-04-01,2029-06-30,5612.35,1,1,1,1.45,6.77
20084,3849.0,4/6/2018,1,ONE,2018-02-01,2026-10-14,3123.45,1,0,1,4.47,4.06
28933,2182.0,1/2/2018,1,HAPAG,2017-11-01,2030-01-31,1784.488,1,0,1,4.73,7.36
28387,3682.0,1/3/2018,1,HAPAG,2017-11-01,2030-01-31,2869.54,1,0,1,4.72,7.36
1186,3832.0,12/18/2017,1,HAPAG,2017-11-01,2030-01-31,2981.838,1,0,1,4.77,7.36
25916,2262.0,3/21/2018,1,ONE,2018-02-01,2026-10-14,1884.21,1,0,1,4.51,4.06
5114,3682.0,2/28/2018,1,MSC,2018-03-01,2032-07-31,2933.012,1,1,1,4.57,9.86
16453,6000.0,5/9/2021,1,MSC,2021-04-01,2029-06-30,5612.35,1,1,1,1.38,6.77
21252,3849.0,4/6/2018,1,ONE,2018-02-01,2026-10-14,3123.456,1,0,1,4.47,4.06
18409,6000.0,4/12/2021,1,MSC,2021-04-01,2029-06-30,5612.35,1,1,1,1.45,6.77
9656,4420.0,3/24/2021,1,ONE,2020-11-16,2029-05-15,4136.34,1,0,1,1.5,6.65
6363,3682.0,1/1/2018,1,MSC,2018-03-01,2032-07-31,2933.004,1,1,1,4.73,9.86
2500,3832.0,12/18/2017,1,HAPAG,2017-11-01,2030-01-31,2981.832,1,0,1,4.77,7.36
19769,3849.0,4/6/2018,1,ONE,2018-02-01,2026-10-14,3123.45,1,0,1,4.47,4.06
19918,3849.0,4/6/2018,1,ONE,2018-02-01,2026-10-14,3123.45,1,0,1,4.47,4.06
24915,2267.0,3/22/2018,1,ONE,2018-02-01,2026-10-14,1880.708,1,0,1,4.51,4.06
23864,2267.0,3/22/2018,1,ONE,2018-02-01,2026-10-14,1896.167,1,0,1,4.51,4.06
17448,6000.0,5/9/2021,1,MSC,2021-04-01,2029-06-30,5612.35,1,1,1,1.38,6.77
3021,3682.0,2/28/2018,1,MSC,2018-03-01,2032-07-31,2917.31,1,1,1,4.57,9.86
22312,2267.0,3/22/2018,1,ONE,2018-02-01,2026-10-14,1888.001,1,0,1,4.51,4.06
21818,2267.0,3/22/2018,1,ONE,2018-02-01,2026-10-14,1888.005,1,0,1,4.51,4.06
22781,2267.0,3/22/2018,1,ONE,2018-02-01,2026-10-14,1896.088,1,0,1,4.51,4.06
23897,2267.0,3/22/2018,1,ONE,2018-02-01,2026-10-14,1896.17,1,0,1,4.51,4.06
15398,6000.0,4/8/2021,1,MSC,2021-04-01,2029-06-30,5612.35,1,1,1,1.46,6.77
21923,2267.0,3/22/2018,1,ONE,2018-02-01,2026-10-14,1888.004,1,0,1,4.51,4.06
17589,6000.0,5/9/2021,1,MSC,2021-04-01,2029-06-30,5612.35,1,1,1,1.38,6.77
15194,6000.0,4/8/2021,1,MSC,2021-04-01,2029-06-30,5612.35,1,1,1,1.46,6.77
12116,4420.0,3/3/2021,1,ONE,2020-11-16,2029-05-15,4117.43,1,0,1,1.56,6.65
4311,3682.0,2/28/2018,1,MSC,2018-03-01,2032-07-31,2917.313,1,1,1,4.57,9.86
22043,2267.0,3/22/2018,1,ONE,2018-02-01,2026-10-14,1888.002,1,0,1,4.51,4.06
27779,3682.0,1/3/2018,1,HAPAG,2017-11-01,2030-01-31,2869.54,1,0,1,4.72,7.36
17785,6000.0,5/9/2021,1,MSC,2021-04-01,2029-06-30,5612.35,1,1,1,1.38,6.77
10495,4420.0,3/24/2021,1,ONE,2020-11-16,2029-05-15,4136.34,1,0,1,1.5,6.65
12809,4420.0,3/3/2021,1,ONE,2020-11-16,2029-05-15,4117.43,1,0,1,1.56,6.65
9305,5150.0,4/20/2021,1,MSC,2021-04-01,2029-06-30,4773.96,1,1,1,1.43,6.77
25040,2262.0,3/21/2018,1,ONE,2018-02-01,2026-10-14,1900.264,1,0,1,4.51,4.06
29254,2182.0,1/2/2018,1,HAPAG,2017-11-01,2030-01-31,1784.486,1,0,1,4.73,7.36
20768,3849.0,4/6/2018,1,ONE,2018-02-01,2026-10-14,3123.453,1,0,1,4.47,4.06
20386,3849.0,4/6/2018,1,ONE,2018-02-01,2026-10-14,3123.45,1,0,1,4.47,4.06
27563,3682.0,1/1/2018,1,HAPAG,2017-11-01,2030-01-31,2869.54,1,0,1,4.73,7.36
20271,3849.0,4/6/2018,1,ONE,2018-02-01,2026-10-14,3123.45,1,0,1,4.47,4.06
4918,3682.0,2/28/2018,1,MSC,2018-03-01,2032-07-31,2933.006,1,1,1,4.57,9.86
16530,6000.0,5/9/2021,1,MSC,2021-04-01,2029-06-30,5612.35,1,1,1,1.38,6.77
26549,2267.0,3/16/2018,1,ONE,2018-02-01,2026-10-14,1904.18,1,0,1,4.53,4.06
19925,3849.0,4/6/2018,1,ONE,2018-02-01,2026-10-14,3123.45,1,0,1,4.47,4.06
17484,6000.0,5/9/2021,1,MSC,2021-04-01,2029-06-30,5612.35,1,1,1,1.38,6.77
5125,3682.0,2/28/2018,1,MSC,2018-03-01,2032-07-31,2933.012,1,1,1,4.57,9.86
28295,3682.0,1/3/2018,1,HAPAG,2017-11-01,2030-01-31,2869.54,1,0,1,4.72,7.36
8956,5150.0,4/20/2021,1,MSC,2021-04-01,2029-06-30,4773.96,1,1,1,1.43,6.77
18688,6000.0,4/12/2021,1,MSC,2021-04-01,2029-06-30,5612.35,1,1,1,1.45,6.77
10860,4420.0,3/24/2021,1,ONE,2020-11-16,2029-05-15,4155.25,1,0,1,1.5,6.65
20611,3849.0,4/6/2018,1,ONE,2018-02-01,2026-10-14,3123.453,1,0,1,4.47,4.06
17372,6000.0,5/9/2021,1,MSC,2021-04-01,2029-06-30,5612.35,1,1,1,1.38,6.77
10191,4420.0,3/24/2021,1,ONE,2020-11-16,2029-05-15,4136.34,1,0,1,1.5,6.65
3084,3682.0,2/28/2018,1,MSC,2018-03-01,2032-07-31,2917.31,1,1,1,4.57,9.86
27048,3682.0,1/1/2018,1,HAPAG,2017-11-01,2030-01-31,2869.54,1,0,1,4.73,7.36
12558,4420.0,3/3/2021,1,ONE,2020-11-16,2029-05-15,4117.43,1,0,1,1.56,6.65
10016,4420.0,3/24/2021,1,ONE,2020-11-16,2029-05-15,4136.34,1,0,1,1.5,6.65
20400,3849.0,4/6/2018,1,ONE,2018-02-01,2026-10-14,3123.45,1,0,1,4.47,4.06
5644,3682.0,1/1/2018,1,MSC,2018-03-01,2032-07-31,2933.0,1,1,1,4.73,9.86
20981,3849.0,4/6/2018,1,ONE,2018-02-01,2026-10-14,3123.456,1,0,1,4.47,4.06
24380,2267.0,3/22/2018,1,ONE,2018-02-01,2026-10-14,1880.705,1,0,1,4.51,4.06
15436,6000.0,4/8/2021,1,MSC,2021-04-01,2029-06-30,5612.35,1,1,1,1.46,6.77
21510,3849.0,4/6/2018,1,ONE,2018-02-01,2026-10-14,3123.459,1,0,1,4.47,4.06
14016,6007.0,4/28/2021,1,MSC,2021-04-01,2029-06-30,5618.8,1,1,1,1.41,6.77
23549,2267.0,3/22/2018,1,ONE,2018-02-01,2026-10-14,1904.184,1,0,1,4.51,4.06
16433,6000.0,5/9/2021,1,MSC,2021-04-01,2029-06-30,5612.35,1,1,1,1.38,6.77
14259,6000.0,4/8/2021,1,MSC,2021-04-01,2029-06-30,5612.35,1,1,1,1.46,6.77
601,3832.0,12/18/2017,1,HAPAG,2017-11-01,2030-01-31,2981.836,1,0,1,4.77,7.36
26000,2262.0,3/21/2018,1,ONE,2018-02-01,2026-10-14,1884.21,1,0,1,4.51,4.06
22697,2267.0,3/22/2018,1,ONE,2018-02-01,2026-10-14,1888.0,1,0,1,4.51,4.06
12392,4420.0,3/3/2021,1,ONE,2020-11-16,2029-05-15,4117.43,1,0,1,1.56,6.65
28950,2182.0,1/2/2018,1,HAPAG,2017-11-01,2030-01-31,1784.489,1,0,1,4.73,7.36
24902,2267.0,3/22/2018,1,ONE,2018-02-01,2026-10-14,1880.708,1,0,1,4.51,4.06
13196,6007.0,4/28/2021,1,MSC,2021-04-01,2029-06-30,5618.8,1,1,1,1.41,6.77
29884,2182.0,1/2/2018,1,HAPAG,2017-11-01,2030-01-31,1784.49,1,0,1,4.73,7.36
24455,2267.0,3/22/2018,1,ONE,2018-02-01,2026-10-14,1880.707,1,0,1,4.51,4.06
1955,3832.0,12/18/2017,1,HAPAG,2017-11-01,2030-01-31,2981.799,1,0,1,4.77,7.36
6648,3682.0,1/1/2018,1,MSC,2018-03-01,2032-07-31,2933.006,1,1,1,4.73,9.86
16579,6000.0,5/9/2021,1,MSC,2021-04-01,2029-06-30,5612.35,1,1,1,1.38,6.77
6891,3682.0,1/1/2018,1,MSC,2018-03-01,2032-07-31,2933.012,1,1,1,4.73,9.86
5926,3682.0,1/1/2018,1,MSC,2018-03-01,2032-07-31,2933.0,1,1,1,4.73,9.86
15158,6000.0,4/8/2021,1,MSC,2021-04-01,2029-06-30,5612.35,1,1,1,1.46,6.77
6451,3682.0,1/1/2018,1,MSC,2018-03-01,2032-07-31,2933.004,1,1,1,4.73,9.86
11597,4420.0,3/3/2021,1,ONE,2020-11-16,2029-05-15,4117.43,1,0,1,1.56,6.65
8,3682.0,12/19/2017,1,HAPAG,2017-11-01,2030-01-31,2885.58,1,0,1,4.76,7.36
14579,6000.0,4/8/2021,1,MSC,2021-04-01,2029-06-30,5612.35,1,1,1,1.46,6.77
3563,3682.0,2/28/2018,1,MSC,2018-03-01,2032-07-31,2917.311,1,1,1,4.57,9.86
16134,6000.0,5/9/2021,1,MSC,2021-04-01,2029-06-30,5612.35,1,1,1,1.38,6.77
1725,3832.0,12/18/2017,1,HAPAG,2017-11-01,2030-01-31,2981.795,1,0,1,4.77,7.36
24692,2267.0,3/22/2018,1,ONE,2018-02-01,2026-10-14,1880.71,1,0,1,4.51,4.06
29296,2182.0,1/2/2018,1,HAPAG,2017-11-01,2030-01-31,1784.486,1,0,1,4.73,7.36
25337,2262.0,3/21/2018,1,ONE,2018-02-01,2026-10-14,1900.272,1,0,1,4.51,4.06
22961,2267.0,3/22/2018,1,ONE,2018-02-01,2026-10-14,1896.09,1,0,1,4.51,4.06
11159,4420.0,3/24/2021,1,ONE,2020-11-16,2029-05-15,4155.25,1,0,1,1.5,6.65
4635,3682.0,2/28/2018,1,MSC,2018-03-01,2032-07-31,2933.004,1,1,1,4.57,9.86
22501,2267.0,3/22/2018,1,ONE,2018-02-01,2026-10-14,1888.005,1,0,1,4.51,4.06
26837,3682.0,1/1/2018,1,HAPAG,2017-11-01,2030-01-31,2869.54,1,0,1,4.73,7.36
2667,3682.0,2/28/2018,1,MSC,2018-03-01,2032-07-31,2917.31,1,1,1,4.57,9.86
23307,2267.0,3/22/2018,1,ONE,2018-02-01,2026-10-14,1896.08,1,0,1,4.51,4.06
14683,6000.0,4/8/2021,1,MSC,2021-04-01,2029-06-30,5612.35,1,1,1,1.46,6.77
12649,4420.0,3/3/2021,1,ONE,2020-11-16,2029-05-15,4117.43,1,0,1,1.56,6.65
9394,5150.0,4/20/2021,1,MSC,2021-04-01,2029-06-30,4773.96,1,1,1,1.43,6.77
13589,6007.0,4/28/2021,1,MSC,2021-04-01,2029-06-30,5618.8,1,1,1,1.41,6.77
17114,6000.0,5/9/2021,1,MSC,2021-04-01,2029-06-30,5612.35,1,1,1,1.38,6.77
2146,3832.0,12/18/2017,1,HAPAG,2017-11-01,2030-01-31,2981.799,1,0,1,4.77,7.36
26165,2262.0,3/21/2018,1,ONE,2018-02-01,2026-10-14,1884.21,1,0,1,4.51,4.06
6995,3682.0,1/1/2018,1,TCLC,2018-02-01,2025-05-31,2917.31,1,0,0,4.73,2.69
16704,6000.0,5/9/2021,1,MSC,2021-04-01,2029-06-30,5612.35,1,1,1,1.38,6.77
13730,6007.0,4/28/2021,1,MSC,2021-04-01,2029-06-30,5618.8,1,1,1,1.41,6.77
25460,2262.0,3/21/2018,1,ONE,2018-02-01,2026-10-14,1900.26,1,0,1,4.51,4.06
2842,3682.0,2/28/2018,1,MSC,2018-03-01,2032-07-31,2917.31,1,1,1,4.57,9.86
4785,3682.0,2/28/2018,1,MSC,2018-03-01,2032-07-31,2933.004,1,1,1,4.57,9.86
23249,2267.0,3/22/2018,1,ONE,2018-02-01,2026-10-14,1896.078,1,0,1,4.51,4.06
12512,4420.0,3/3/2021,1,ONE,2020-11-16,2029-05-15,4117.43,1,0,1,1.56,6.65
27518,3682.0,1/1/2018,1,HAPAG,2017-11-01,2030-01-31,2869.54,1,0,1,4.73,7.36
22662,2267.0,3/22/2018,1,ONE,2018-02-01,2026-10-14,1888.0,1,0,1,4.51,4.06
8898,5150.0,4/20/2021,1,MSC,2021-04-01,2029-06-30,4773.96,1,1,1,1.43,6.77
21804,2267.0,3/22/2018,1,ONE,2018-02-01,2026-10-14,1888.005,1,0,1,4.51,4.06
16706,6000.0,5/9/2021,1,MSC,2021-04-01,2029-06-30,5612.35,1,1,1,1.38,6.77
3771,3682.0,2/28/2018,1,MSC,2018-03-01,2032-07-31,2917.311,1,1,1,4.57,9.86
2549,3714.8,7/13/2018,1,PANOCEAN,2018-07-16,2023-09-30,3023.447,1,0,0,4.2,1.02
11146,4420.0,3/24/2021,1,ONE,2020-11-16,2029-05-15,4155.25,1,0,1,1.5,6.65
1017,3832.0,12/18/2017,1,HAPAG,2017-11-01,2030-01-31,2981.834,1,0,1,4.77,7.36
14488,6000.0,4/8/2021,1,MSC,2021-04-01,2029-06-30,5612.35,1,1,1,1.46,6.77
7539,3702.0,6/11/2018,1,MSC,2018-03-01,2032-07-31,2983.22,1,1,1,4.29,9.86
26586,2267.0,3/16/2018,1,ONE,2018-02-01,2026-10-14,1904.174,1,0,1,4.53,4.06
21811,2267.0,3/22/2018,1,ONE,2018-02-01,2026-10-14,1888.005,1,0,1,4.51,4.06
22500,2267.0,3/22/2018,1,ONE,2018-02-01,2026-10-14,1888.005,1,0,1,4.51,4.06
27227,3682.0,1/1/2018,1,HAPAG,2017-11-01,2030-01-31,2869.54,1,0,1,4.73,7.36
5829,3682.0,1/1/2018,1,MSC,2018-03-01,2032-07-31,2933.0,1,1,1,4.73,9.86
1337,3832.0,12/18/2017,1,HAPAG,2017-11-01,2030-01-31,2981.838,1,0,1,4.77,7.36
26986,3682.0,1/1/2018,1,HAPAG,2017-11-01,2030-01-31,2869.54,1,0,1,4.73,7.36
2066,3832.0,12/18/2017,1,HAPAG,2017-11-01,2030-01-31,2981.832,1,0,1,4.77,7.36
20038,3849.0,4/6/2018,1,ONE,2018-02-01,2026-10-14,3123.45,1,0,1,4.47,4.06
1946,3832.0,12/18/2017,1,HAPAG,2017-11-01,2030-01-31,2981.799,1,0,1,4.77,7.36
18902,5150.0,4/20/2021,1,MSC,2021-04-01,2029-06-30,4773.958,1,1,1,1.43,6.77
3715,3682.0,2/28/2018,1,MSC,2018-03-01,2032-07-31,2917.311,1,1,1,4.57,9.86
4623,3682.0,2/28/2018,1,MSC,2018-03-01,2032-07-31,2933.004,1,1,1,4.57,9.86
15655,6000.0,4/8/2021,1,MSC,2021-04-01,2029-06-30,5612.35,1,1,1,1.46,6.77
8911,5150.0,4/20/2021,1,MSC,2021-04-01,2029-06-30,4773.96,1,1,1,1.43,6.77
20278,3849.0,4/6/2018,1,ONE,2018-02-01,2026-10-14,3123.45,1,0,1,4.47,4.06
9668,4420.0,3/24/2021,1,ONE,2020-11-16,2029-05-15,4136.34,1,0,1,1.5,6.65
24334,2267.0,3/22/2018,1,ONE,2018-02-01,2026-10-14,1880.705,1,0,1,4.51,4.06
4800,3682.0,2/28/2018,1,MSC,2018-03-01,2032-07-31,2933.004,1,1,1,4.57,9.86
13392,6007.0,4/28/2021,1,MSC,2021-04-01,2029-06-30,5618.8,1,1,1,1.41,6.77
1991,3832.0,12/18/2017,1,HAPAG,2017-11-01,2030-01-31,2981.797,1,0,1,4.77,7.36
25352,2262.0,3/21/2018,1,ONE,2018-02-01,2026-10-14,1900.272,1,0,1,4.51,4.06
16425,6000.0,5/9/2021,1,MSC,2021-04-01,2029-06-30,5612.35,1,1,1,1.38,6.77
13628,6007.0,4/28/2021,1,MSC,2021-04-01,2029-06-30,5618.8,1,1,1,1.41,6.77
6507,3682.0,1/1/2018,1,MSC,2018-03-01,2032-07-31,2933.008,1,1,1,4.73,9.86
10510,4420.0,3/24/2021,1,ONE,2020-11-16,2029-05-15,4136.34,1,0,1,1.5,6.65
16157,6000.0,5/9/2021,1,MSC,2021-04-01,2029-06-30,5612.35,1,1,1,1.38,6.77
27818,3682.0,1/3/2018,1,HAPAG,2017-11-01,2030-01-31,2869.54,1,0,1,4.72,7.36
22088,2267.0,3/22/2018,1,ONE,2018-02-01,2026-10-14,1888.001,1,0,1,4.51,4.06
5380,3682.0,2/28/2018,1,MSC,2018-03-01,2032-07-31,2933.0,1,1,1,4.57,9.86
20112,3849.0,4/6/2018,1,ONE,2018-02-01,2026-10-14,3123.45,1,0,1,4.47,4.06
8190,3702.0,6/11/2018,1,MSC,2018-03-01,2032-07-31,2967.91,1,1,1,4.29,9.86
24038,2267.0,3/22/2018,1,ONE,2018-02-01,2026-10-14,1896.155,1,0,1,4.51,4.06
20247,3849.0,4/6/2018,1,ONE,2018-02-01,2026-10-14,3123.45,1,0,1,4.47,4.06
17414,6000.0,5/9/2021,1,MSC,2021-04-01,2029-06-30,5612.35,1,1,1,1.38,6.77
26311,2267.0,3/16/2018,1,ONE,2018-02-01,2026-10-14,1904.18,1,0,1,4.53,4.06
520,3832.0,12/18/2017,1,HAPAG,2017-11-01,2030-01-31,2981.836,1,0,1,4.77,7.36
15140,6000.0,4/8/2021,1,MSC,2021-04-01,2029-06-30,5612.35,1,1,1,1.46,6.77
22257,2267.0,3/22/2018,1,ONE,2018-02-01,2026-10-14,1888.001,1,0,1,4.51,4.06
16440,6000.0,5/9/2021,1,MSC,2021-04-01,2029-06-30,5612.35,1,1,1,1.38,6.77
6819,3682.0,1/1/2018,1,MSC,2018-03-01,2032-07-31,2933.008,1,1,1,4.73,9.86
7704,3702.0,6/11/2018,1,MSC,2018-03-01,2032-07-31,2983.208,1,1,1,4.29,9.86
1630,3832.0,12/18/2017,1,HAPAG,2017-11-01,2030-01-31,2981.799,1,0,1,4.77,7.36
29285,2182.0,1/2/2018,1,HAPAG,2017-11-01,2030-01-31,1784.486,1,0,1,4.73,7.36
28016,3682.0,1/3/2018,1,HAPAG,2017-11-01,2030-01-31,2869.54,1,0,1,4.72,7.36
4402,3682.0,2/28/2018,1,MSC,2018-03-01,2032-07-31,2933.004,1,1,1,4.57,9.86
4568,3682.0,2/28/2018,1,MSC,2018-03-01,2032-07-31,2933.008,1,1,1,4.57,9.86
4336,3682.0,2/28/2018,1,MSC,2018-03-01,2032-07-31,2917.313,1,1,1,4.57,9.86
219,3832.0,12/18/2017,1,HAPAG,2017-11-01,2030-01-31,2981.836,1,0,1,4.77,7.36
12934,4420.0,2/23/2021,1,ONE,2020-11-16,2029-05-15,4117.43,1,0,1,1.58,6.65
10172,4420.0,3/24/2021,1,ONE,2020-11-16,2029-05-15,4136.34,1,0,1,1.5,6.65
29380,2182.0,1/2/2018,1,HAPAG,2017-11-01,2030-01-31,1784.488,1,0,1,4.73,7.36
1002,3832.0,12/18/2017,1,HAPAG,2017-11-01,2030-01-31,2981.834,1,0,1,4.77,7.36
5032,3682.0,2/28/2018,1,MSC,2018-03-01,2032-07-31,2933.008,1,1,1,4.57,9.86
24246,2267.0,3/22/2018,1,ONE,2018-02-01,2026-10-14,1880.704,1,0,1,4.51,4.06
3827,3682.0,2/28/2018,1,MSC,2018-03-01,2032-07-31,2917.312,1,1,1,4.57,9.86
23304,2267.0,3/22/2018,1,ONE,2018-02-01,2026-10-14,1896.08,1,0,1,4.51,4.06
13774,6007.0,4/28/2021,1,MSC,2021-04-01,2029-06-30,5618.8,1,1,1,1.41,6.77
23810,2267.0,3/22/2018,1,ONE,2018-02-01,2026-10-14,1879.91,1,0,1,4.51,4.06
26694,2267.0,3/16/2018,1,ONE,2018-02-01,2026-10-14,1904.185,1,0,1,4.53,4.06
12084,4420.0,3/3/2021,1,ONE,2020-11-16,2029-05-15,4117.43,1,0,1,1.56,6.65
20220,3849.0,4/6/2018,1,ONE,2018-02-01,2026-10-14,3123.45,1,0,1,4.47,4.06
523,3832.0,12/18/2017,1,HAPAG,2017-11-01,2030-01-31,2981.836,1,0,1,4.77,7.36
14361,6000.0,4/8/2021,1,MSC,2021-04-01,2029-06-30,5612.35,1,1,1,1.46,6.77
19139,5150.0,5/21/2021,1,MSC,2021-04-01,2029-06-30,4801.46,1,1,1,1.34,6.77
21706,3849.0,4/16/2018,1,ONE,2018-02-01,2026-10-14,3123.45,1,0,1,4.44,4.06
21738,3849.0,4/16/2018,1,ONE,2018-02-01,2026-10-14,3123.453,1,0,1,4.44,4.06
19537,3849.0,4/6/2018,1,ONE,2018-02-01,2026-10-14,3123.45,1,0,1,4.47,4.06
7318,3702.0,6/11/2018,1,MSC,2018-03-01,2032-07-31,2983.22,1,1,1,4.29,9.86
19393,3849.0,4/6/2018,1,ONE,2018-02-01,2026-10-14,3123.45,1,0,1,4.47,4.06
21583,3849.0,4/6/2018,1,ONE,2018-02-01,2026-10-14,3123.459,1,0,1,4.47,4.06
29457,2182.0,1/2/2018,1,HAPAG,2017-11-01,2030-01-31,1784.489,1,0,1,4.73,7.36
19215,3849.0,4/6/2018,1,ONE,2018-02-01,2026-10-14,3123.45,1,0,1,4.47,4.06
10630,4420.0,3/24/2021,1,ONE,2020-11-16,2029-05-15,4136.34,1,0,1,1.5,6.65
6016,3682.0,1/1/2018,1,MSC,2018-03-01,2032-07-31,2933.0,1,1,1,4.73,9.86
22857,2267.0,3/22/2018,1,ONE,2018-02-01,2026-10-14,1896.08,1,0,1,4.51,4.06
16285,6000.0,5/9/2021,1,MSC,2021-04-01,2029-06-30,5612.35,1,1,1,1.38,6.77
8511,3702.0,6/11/2018,1,MSC,2018-03-01,2032-07-31,2967.86,1,1,1,4.29,9.86
9896,4420.0,3/24/2021,1,ONE,2020-11-16,2029-05-15,4136.34,1,0,1,1.5,6.65
5390,3682.0,2/28/2018,1,MSC,2018-03-01,2032-07-31,2933.0,1,1,1,4.57,9.86
1219,3832.0,12/18/2017,1,HAPAG,2017-11-01,2030-01-31,2981.838,1,0,1,4.77,7.36
13448,6007.0,4/28/2021,1,MSC,2021-04-01,2029-06-30,5618.8,1,1,1,1.41,6.77
883,3832.0,12/18/2017,1,HAPAG,2017-11-01,2030-01-31,2981.834,1,0,1,4.77,7.36
1180,3832.0,12/18/2017,1,HAPAG,2017-11-01,2030-01-31,2981.838,1,0,1,4.77,7.36
27252,3682.0,1/1/2018,1,HAPAG,2017-11-01,2030-01-31,2869.54,1,0,1,4.73,7.36
6088,3682.0,1/1/2018,1,MSC,2018-03-01,2032-07-31,2933.0,1,1,1,4.73,9.86
3332,3682.0,2/28/2018,1,MSC,2018-03-01,2032-07-31,2917.31,1,1,1,4.57,9.86
33,3682.0,12/19/2017,1,HAPAG,2017-11-01,2030-01-31,2885.578,1,0,1,4.76,7.36
13280,6007.0,4/28/2021,1,MSC,2021-04-01,2029-06-30,5618.8,1,1,1,1.41,6.77
8325,3702.0,6/11/2018,1,MSC,2018-03-01,2032-07-31,2967.91,1,1,1,4.29,9.86
5152,3682.0,2/28/2018,1,MSC,2018-03-01,2032-07-31,2933.0,1,1,1,4.57,9.86
15337,6000.0,4/8/2021,1,MSC,2021-04-01,2029-06-30,5612.35,1,1,1,1.46,6.77
18365,6000.0,4/12/2021,1,MSC,2021-04-01,2029-06-30,5612.35,1,1,1,1.45,6.77
5406,3682.0,2/28/2018,1,MSC,2018-03-01,2032-07-31,2933.0,1,1,1,4.57,9.86
3341,3682.0,2/28/2018,1,MSC,2018-03-01,2032-07-31,2917.31,1,1,1,4.57,9.86
6307,3682.0,1/1/2018,1,MSC,2018-03-01,2032-07-31,2933.004,1,1,1,4.73,9.86
14690,6000.0,4/8/2021,1,MSC,2021-04-01,2029-06-30,5612.35,1,1,1,1.46,6.77
16251,6000.0,5/9/2021,1,MSC,2021-04-01,2029-06-30,5612.35,1,1,1,1.38,6.77
9574,4420.0,3/24/2021,1,ONE,2020-11-16,2029-05-15,4136.34,1,0,1,1.5,6.65
15794,6000.0,4/8/2021,1,MSC,2021-04-01,2029-06-30,5612.35,1,1,1,1.46,6.77
26651,2267.0,3/16/2018,1,ONE,2018-02-01,2026-10-14,1904.174,1,0,1,4.53,4.06
19556,3849.0,4/6/2018,1,ONE,2018-02-01,2026-10-14,3123.45,1,0,1,4.47,4.06
24077,2267.0,3/22/2018,1,ONE,2018-02-01,2026-10-14,1896.158,1,0,1,4.51,4.06
4691,3682.0,2/28/2018,1,MSC,2018-03-01,2032-07-31,2933.007,1,1,1,4.57,9.86
5326,3682.0,2/28/2018,1,MSC,2018-03-01,2032-07-31,2933.0,1,1,1,4.57,9.86
23331,2267.0,3/22/2018,1,ONE,2018-02-01,2026-10-14,1896.08,1,0,1,4.51,4.06
17407,6000.0,5/9/2021,1,MSC,2021-04-01,2029-06-30,5612.35,1,1,1,1.38,6.77
8018,3702.0,6/11/2018,1,MSC,2018-03-01,2032-07-31,2967.91,1,1,1,4.29,9.86
10017,4420.0,3/24/2021,1,ONE,2020-11-16,2029-05-15,4136.34,1,0,1,1.5,6.65
25,3682.0,12/19/2017,1,HAPAG,2017-11-01,2030-01-31,2885.579,1,0,1,4.76,7.36
1470,3832.0,12/18/2017,1,HAPAG,2017-11-01,2030-01-31,2981.838,1,0,1,4.77,7.36
28323,3682.0,1/3/2018,1,HAPAG,2017-11-01,2030-01-31,2869.54,1,0,1,4.72,7.36
16570,6000.0,5/9/2021,1,MSC,2021-04-01,2029-06-30,5612.35,1,1,1,1.38,6.77
10788,4420.0,3/24/2021,1,ONE,2020-11-16,2029-05-15,4136.34,1,0,1,1.5,6.65
20459,3849.0,4/6/2018,1,ONE,2018-02-01,2026-10-14,3123.453,1,0,1,4.47,4.06
27877,3682.0,1/3/2018,1,HAPAG,2017-11-01,2030-01-31,2869.54,1,0,1,4.72,7.36
16059,6000.0,4/8/2021,1,MSC,2021-04-01,2029-06-30,5612.35,1,1,1,1.46,6.77
669,3832.0,12/18/2017,1,HAPAG,2017-11-01,2030-01-31,2981.836,1,0,1,4.77,7.36
27845,3682.0,1/3/2018,1,HAPAG,2017-11-01,2030-01-31,2869.54,1,0,1,4.72,7.36
6377,3682.0,1/1/2018,1,MSC,2018-03-01,2032-07-31,2933.004,1,1,1,4.73,9.86
17728,6000.0,5/9/2021,1,MSC,2021-04-01,2029-06-30,5612.35,1,1,1,1.38,6.77
10697,4420.0,3/24/2021,1,ONE,2020-11-16,2029-05-15,4136.34,1,0,1,1.5,6.65
24912,2267.0,3/22/2018,1,ONE,2018-02-01,2026-10-14,1880.708,1,0,1,4.51,4.06
1153,3832.0,12/18/2017,1,HAPAG,2017-11-01,2030-01-31,2981.838,1,0,1,4.77,7.36
18660,6000.0,4/12/2021,1,MSC,2021-04-01,2029-06-30,5612.35,1,1,1,1.45,6.77
17103,6000.0,5/9/2021,1,MSC,2021-04-01,2029-06-30,5612.35,1,1,1,1.38,6.77
10066,4420.0,3/24/2021,1,ONE,2020-11-16,2029-05-15,4136.34,1,0,1,1.5,6.65
13651,6007.0,4/28/2021,1,MSC,2021-04-01,2029-06-30,5618.8,1,1,1,1.41,6.77
25648,2262.0,3/21/2018,1,ONE,2018-02-01,2026-10-14,1900.26,1,0,1,4.51,4.06
5502,3682.0,2/28/2018,1,MSC,2018-03-01,2032-07-31,2933.0,1,1,1,4.57,9.86
10628,4420.0,3/24/2021,1,ONE,2020-11-16,2029-05-15,4136.34,1,0,1,1.5,6.65
25341,2262.0,3/21/2018,1,ONE,2018-02-01,2026-10-14,1900.272,1,0,1,4.51,4.06
1292,3832.0,12/18/2017,1,HAPAG,2017-11-01,2030-01-31,2981.838,1,0,1,4.77,7.36
23069,2267.0,3/22/2018,1,ONE,2018-02-01,2026-10-14,1896.09,1,0,1,4.51,4.06
28026,3682.0,1/3/2018,1,HAPAG,2017-11-01,2030-01-31,2869.54,1,0,1,4.72,7.36
10116,4420.0,3/24/2021,1,ONE,2020-11-16,2029-05-15,4136.34,1,0,1,1.5,6.65
5527,3682.0,2/28/2018,1,MSC,2018-03-01,2032-07-31,2933.0,1,1,1,4.57,9.86
21507,3849.0,4/6/2018,1,ONE,2018-02-01,2026-10-14,3123.459,1,0,1,4.47,4.06
28216,3682.0,1/3/2018,1,HAPAG,2017-11-01,2030-01-31,2869.54,1,0,1,4.72,7.36
1803,3832.0,12/18/2017,1,HAPAG,2017-11-01,2030-01-31,2981.8,1,0,1,4.77,7.36
29335,2182.0,1/2/2018,1,HAPAG,2017-11-01,2030-01-31,1784.487,1,0,1,4.73,7.36
14903,6000.0,4/8/2021,1,MSC,2021-04-01,2029-06-30,5612.35,1,1,1,1.46,6.77
22230,2267.0,3/22/2018,1,ONE,2018-02-01,2026-10-14,1888.001,1,0,1,4.51,4.06
3410,3682.0,2/28/2018,1,MSC,2018-03-01,2032-07-31,2917.311,1,1,1,4.57,9.86
29482,2182.0,1/2/2018,1,HAPAG,2017-11-01,2030-01-31,1784.489,1,0,1,4.73,7.36
10918,4420.0,3/24/2021,1,ONE,2020-11-16,2029-05-15,4155.25,1,0,1,1.5,6.65
4236,3682.0,2/28/2018,1,MSC,2018-03-01,2032-07-31,2917.313,1,1,1,4.57,9.86
21591,3849.0,4/6/2018,1,ONE,2018-02-01,2026-10-14,3123.468,1,0,1,4.47,4.06
9946,4420.0,3/24/2021,1,ONE,2020-11-16,2029-05-15,4136.34,1,0,1,1.5,6.65
127,3832.0,12/18/2017,1,HAPAG,2017-11-01,2030-01-31,2981.836,1,0,1,4.77,7.36
14458,6000.0,4/8/2021,1,MSC,2021-04-01,2029-06-30,5612.35,1,1,1,1.46,6.77
4421,3682.0,2/28/2018,1,MSC,2018-03-01,2032-07-31,2933.004,1,1,1,4.57,9.86
27000,3682.0,1/1/2018,1,HAPAG,2017-11-01,2030-01-31,2869.54,1,0,1,4.73,7.36
17054,6000.0,5/9/2021,1,MSC,2021-04-01,2029-06-30,5612.35,1,1,1,1.38,6.77
27548,3682.0,1/1/2018,1,HAPAG,2017-11-01,2030-01-31,2869.54,1,0,1,4.73,7.36
16656,6000.0,5/9/2021,1,MSC,2021-04-01,2029-06-30,5612.35,1,1,1,1.38,6.77
7728,3702.0,6/11/2018,1,MSC,2018-03-01,2032-07-31,2983.214,1,1,1,4.29,9.86
6052,3682.0,1/1/2018,1,MSC,2018-03-01,2032-07-31,2933.0,1,1,1,4.73,9.86
27468,3682.0,1/1/2018,1,HAPAG,2017-11-01,2030-01-31,2869.54,1,0,1,4.73,7.36
11404,4420.0,3/24/2021,1,ONE,2020-11-16,2029-05-15,4155.25,1,0,1,1.5,6.65
6166,3682.0,1/1/2018,1,MSC,2018-03-01,2032-07-31,2933.0,1,1,1,4.73,9.86
24802,2267.0,3/22/2018,1,ONE,2018-02-01,2026-10-14,1880.71,1,0,1,4.51,4.06
18769,6000.0,4/12/2021,1,MSC,2021-04-01,2029-06-30,5612.35,1,1,1,1.45,6.77
8512,3702.0,6/11/2018,1,MSC,2018-03-01,2032-07-31,2967.86,1,1,1,4.29,9.86
17708,6000.0,5/9/2021,1,MSC,2021-04-01,2029-06-30,5612.35,1,1,1,1.38,6.77
17048,6000.0,5/9/2021,1,MSC,2021-04-01,2029-06-30,5612.35,1,1,1,1.38,6.77
19505,3849.0,4/6/2018,1,ONE,2018-02-01,2026-10-14,3123.45,1,0,1,4.47,4.06
3190,3682.0,2/28/2018,1,MSC,2018-03-01,2032-07-31,2917.31,1,1,1,4.57,9.86
16176,6000.0,5/9/2021,1,MSC,2021-04-01,2029-06-30,5612.35,1,1,1,1.38,6.77
24723,2267.0,3/22/2018,1,ONE,2018-02-01,2026-10-14,1880.71,1,0,1,4.51,4.06
25027,2262.0,3/21/2018,1,ONE,2018-02-01,2026-10-14,1900.264,1,0,1,4.51,4.06
23818,2267.0,3/22/2018,1,ONE,2018-02-01,2026-10-14,1879.91,1,0,1,4.51,4.06
27663,3682.0,1/1/2018,1,HAPAG,2017-11-01,2030-01-31,2869.54,1,0,1,4.73,7.36
22824,2267.0,3/22/2018,1,ONE,2018-02-01,2026-10-14,1896.088,1,0,1,4.51,4.06
2853,3682.0,2/28/2018,1,MSC,2018-03-01,2032-07-31,2917.31,1,1,1,4.57,9.86
16104,6000.0,4/8/2021,1,MSC,2021-04-01,2029-06-30,5612.35,1,1,1,1.46,6.77
20792,3849.0,4/6/2018,1,ONE,2018-02-01,2026-10-14,3123.453,1,0,1,4.47,4.06
20712,3849.0,4/6/2018,1,ONE,2018-02-01,2026-10-14,3123.453,1,0,1,4.47,4.06
6651,3682.0,1/1/2018,1,MSC,2018-03-01,2032-07-31,2933.006,1,1,1,4.73,9.86
12879,4420.0,3/3/2021,1,ONE,2020-11-16,2029-05-15,4117.43,1,0,1,1.56,6.65
15326,6000.0,4/8/2021,1,MSC,2021-04-01,2029-06-30,5612.35,1,1,1,1.46,6.77
2152,3832.0,12/18/2017,1,HAPAG,2017-11-01,2030-01-31,2981.799,1,0,1,4.77,7.36
5730,3682.0,1/1/2018,1,MSC,2018-03-01,2032-07-31,2933.0,1,1,1,4.73,9.86
27919,3682.0,1/3/2018,1,HAPAG,2017-11-01,2030-01-31,2869.54,1,0,1,4.72,7.36
6813,3682.0,1/1/2018,1,MSC,2018-03-01,2032-07-31,2933.008,1,1,1,4.73,9.86
20946,3849.0,4/6/2018,1,ONE,2018-02-01,2026-10-14,3123.453,1,0,1,4.47,4.06
23722,2267.0,3/22/2018,1,ONE,2018-02-01,2026-10-14,1879.92,1,0,1,4.51,4.06
20972,3849.0,4/6/2018,1,ONE,2018-02-01,2026-10-14,3123.456,1,0,1,4.47,4.06
10224,4420.0,3/24/2021,1,ONE,2020-11-16,2029-05-15,4136.34,1,0,1,1.5,6.65
17330,6000.0,5/9/2021,1,MSC,2021-04-01,2029-06-30,5612.35,1,1,1,1.38,6.77
12244,4420.0,3/3/2021,1,ONE,2020-11-16,2029-05-15,4117.43,1,0,1,1.56,6.65
12027,4420.0,3/3/2021,1,ONE,2020-11-16,2029-05-15,4117.43,1,0,1,1.56,6.65
17892,6000.0,5/9/2021,1,MSC,2021-04-01,2029-06-30,5612.35,1,1,1,1.38,6.77
10954,4420.0,3/24/2021,1,ONE,2020-11-16,2029-05-15,4155.25,1,0,1,1.5,6.65
4900,3682.0,2/28/2018,1,MSC,2018-03-01,2032-07-31,2933.009,1,1,1,4.57,9.86
13864,6007.0,4/28/2021,1,MSC,2021-04-01,2029-06-30,5618.8,1,1,1,1.41,6.77
18876,5150.0,4/20/2021,1,MSC,2021-04-01,2029-06-30,4773.958,1,1,1,1.43,6.77
348,3832.0,12/18/2017,1,HAPAG,2017-11-01,2030-01-31,2981.836,1,0,1,4.77,7.36
25753,2262.0,3/21/2018,1,ONE,2018-02-01,2026-10-14,1884.21,1,0,1,4.51,4.06
23636,2267.0,3/22/2018,1,ONE,2018-02-01,2026-10-14,1879.92,1,0,1,4.51,4.06
11043,4420.0,3/24/2021,1,ONE,2020-11-16,2029-05-15,4155.25,1,0,1,1.5,6.65
7679,3702.0,6/11/2018,1,MSC,2018-03-01,2032-07-31,2983.208,1,1,1,4.29,9.86
29211,2182.0,1/2/2018,1,HAPAG,2017-11-01,2030-01-31,1784.486,1,0,1,4.73,7.36
2228,3832.0,12/18/2017,1,HAPAG,2017-11-01,2030-01-31,2981.798,1,0,1,4.77,7.36
9332,5150.0,4/20/2021,1,MSC,2021-04-01,2029-06-30,4773.96,1,1,1,1.43,6.77
612,3832.0,12/18/2017,1,HAPAG,2017-11-01,2030-01-31,2981.836,1,0,1,4.77,7.36
22550,2267.0,3/22/2018,1,ONE,2018-02-01,2026-10-14,1888.004,1,0,1,4.51,4.06
26548,2267.0,3/16/2018,1,ONE,2018-02-01,2026-10-14,1904.18,1,0,1,4.53,4.06
28063,3682.0,1/3/2018,1,HAPAG,2017-11-01,2030-01-31,2869.54,1,0,1,4.72,7.36
28131,3682.0,1/3/2018,1,HAPAG,2017-11-01,2030-01-31,2869.54,1,0,1,4.72,7.36
27661,3682.0,1/1/2018,1,HAPAG,2017-11-01,2030-01-31,2869.54,1,0,1,4.73,7.36
29896,2182.0,1/2/2018,1,HAPAG,2017-11-01,2030-01-31,1784.49,1,0,1,4.73,7.36
15066,6000.0,4/8/2021,1,MSC,2021-04-01,2029-06-30,5612.35,1,1,1,1.46,6.77
21523,3849.0,4/6/2018,1,ONE,2018-02-01,2026-10-14,3123.459,1,0,1,4.47,4.06
2796,3682.0,2/28/2018,1,MSC,2018-03-01,2032-07-31,2917.31,1,1,1,4.57,9.86
14673,6000.0,4/8/2021,1,MSC,2021-04-01,2029-06-30,5612.35,1,1,1,1.46,6.77
25701,2262.0,3/21/2018,1,ONE,2018-02-01,2026-10-14,1900.26,1,0,1,4.51,4.06
5626,3682.0,1/1/2018,1,MSC,2018-03-01,2032-07-31,2933.0,1,1,1,4.73,9.86
10685,4420.0,3/24/2021,1,ONE,2020-11-16,2029-05-15,4136.34,1,0,1,1.5,6.65
25154,2262.0,3/21/2018,1,ONE,2018-02-01,2026-10-14,1900.264,1,0,1,4.51,4.06
8442,3702.0,6/11/2018,1,MSC,2018-03-01,2032-07-31,2967.91,1,1,1,4.29,9.86
21644,3849.0,4/16/2018,1,ONE,2018-02-01,2026-10-14,3123.453,1,0,1,4.44,4.06
19958,3849.0,4/6/2018,1,ONE,2018-02-01,2026-10-14,3123.45,1,0,1,4.47,4.06
3444,3682.0,2/28/2018,1,MSC,2018-03-01,2032-07-31,2917.311,1,1,1,4.57,9.86
1471,3832.0,12/18/2017,1,HAPAG,2017-11-01,2030-01-31,2981.838,1,0,1,4.77,7.36
4072,3682.0,2/28/2018,1,MSC,2018-03-01,2032-07-31,2917.312,1,1,1,4.57,9.86
18013,6000.0,4/12/2021,1,MSC,2021-04-01,2029-06-30,5612.35,1,1,1,1.45,6.77
23115,2267.0,3/22/2018,1,ONE,2018-02-01,2026-10-14,1896.09,1,0,1,4.51,4.06
19754,3849.0,4/6/2018,1,ONE,2018-02-01,2026-10-14,3123.45,1,0,1,4.47,4.06
29007,2182.0,1/2/2018,1,HAPAG,2017-11-01,2030-01-31,1784.489,1,0,1,4.73,7.36
3644,3682.0,2/28/2018,1,MSC,2018-03-01,2032-07-31,2917.311,1,1,1,4.57,9.86
5007,3682.0,2/28/2018,1,MSC,2018-03-01,2032-07-31,2933.008,1,1,1,4.57,9.86
18585,6000.0,4/12/2021,1,MSC,2021-04-01,2029-06-30,5612.35,1,1,1,1.45,6.77
18866,5150.0,4/20/2021,1,MSC,2021-04-01,2029-06-30,4773.958,1,1,1,1.43,6.77
9506,4420.0,3/24/2021,1,ONE,2020-11-16,2029-05-15,4136.34,1,0,1,1.5,6.65
9600,4420.0,3/24/2021,1,ONE,2020-11-16,2029-05-15,4136.34,1,0,1,1.5,6.65
17687,6000.0,5/9/2021,1,MSC,2021-04-01,2029-06-30,5612.35,1,1,1,1.38,6.77
13952,6007.0,4/28/2021,1,MSC,2021-04-01,2029-06-30,5618.8,1,1,1,1.41,6.77
20557,3849.0,4/6/2018,1,ONE,2018-02-01,2026-10-14,3123.453,1,0,1,4.47,4.06
16497,6000.0,5/9/2021,1,MSC,2021-04-01,2029-06-30,5612.35,1,1,1,1.38,6.77
11546,4420.0,3/3/2021,1,ONE,2020-11-16,2029-05-15,4117.43,1,0,1,1.56,6.65
15147,6000.0,4/8/2021,1,MSC,2021-04-01,2029-06-30,5612.35,1,1,1,1.46,6.77
7918,3702.0,6/11/2018,1,MSC,2018-03-01,2032-07-31,2983.211,1,1,1,4.29,9.86
2872,3682.0,2/28/2018,1,MSC,2018-03-01,2032-07-31,2917.31,1,1,1,4.57,9.86
11894,4420.0,3/3/2021,1,ONE,2020-11-16,2029-05-15,4117.43,1,0,1,1.56,6.65
26882,3682.0,1/1/2018,1,HAPAG,2017-11-01,2030-01-31,2869.54,1,0,1,4.73,7.36
6136,3682.0,1/1/2018,1,MSC,2018-03-01,2032-07-31,2933.0,1,1,1,4.73,9.86
4084,3682.0,2/28/2018,1,MSC,2018-03-01,2032-07-31,2917.312,1,1,1,4.57,9.86
14938,6000.0,4/8/2021,1,MSC,2021-04-01,2029-06-30,5612.35,1,1,1,1.46,6.77
10559,4420.0,3/24/2021,1,ONE,2020-11-16,2029-05-15,4136.34,1,0,1,1.5,6.65
21092,3849.0,4/6/2018,1,ONE,2018-02-01,2026-10-14,3123.456,1,0,1,4.47,4.06
19207,5150.0,5/21/2021,1,MSC,2021-04-01,2029-06-30,4801.46,1,1,1,1.34,6.77
554,3832.0,12/18/2017,1,HAPAG,2017-11-01,2030-01-31,2981.836,1,0,1,4.77,7.36
19031,5150.0,5/21/2021,1,MSC,2021-04-01,2029-06-30,4801.46,1,1,1,1.34,6.77
13169,6007.0,4/28/2021,1,MSC,2021-04-01,2029-06-30,5618.8,1,1,1,1.41,6.77
6926,3682.0,1/1/2018,1,MSC,2018-03-01,2032-07-31,2933.009,1,1,1,4.73,9.86
17392,6000.0,5/9/2021,1,MSC,2021-04-01,2029-06-30,5612.35,1,1,1,1.38,6.77
21356,3849.0,4/6/2018,1,ONE,2018-02-01,2026-10-14,3123.459,1,0,1,4.47,4.06
12555,4420.0,3/3/2021,1,ONE,2020-11-16,2029-05-15,4117.43,1,0,1,1.56,6.65
8863,5150.0,4/20/2021,1,MSC,2021-04-01,2029-06-30,4773.96,1,1,1,1.43,6.77
8063,3702.0,6/11/2018,1,MSC,2018-03-01,2032-07-31,2967.91,1,1,1,4.29,9.86
13541,6007.0,4/28/2021,1,MSC,2021-04-01,2029-06-30,5618.8,1,1,1,1.41,6.77
12170,4420.0,3/3/2021,1,ONE,2020-11-16,2029-05-15,4117.43,1,0,1,1.56,6.65
8480,3702.0,6/11/2018,1,MSC,2018-03-01,2032-07-31,2967.91,1,1,1,4.29,9.86
24240,2267.0,3/22/2018,1,ONE,2018-02-01,2026-10-14,1896.155,1,0,1,4.51,4.06
24592,2267.0,3/22/2018,1,ONE,2018-02-01,2026-10-14,1880.71,1,0,1,4.51,4.06
22616,2267.0,3/22/2018,1,ONE,2018-02-01,2026-10-14,1888.0,1,0,1,4.51,4.06
7045,3682.0,1/1/2018,1,TCLC,2018-02-01,2025-05-31,2917.31,1,0,0,4.73,2.69
2716,3682.0,2/28/2018,1,MSC,2018-03-01,2032-07-31,2917.31,1,1,1,4.57,9.86
9222,5150.0,4/20/2021,1,MSC,2021-04-01,2029-06-30,4773.96,1,1,1,1.43,6.77
578,3832.0,12/18/2017,1,HAPAG,2017-11-01,2030-01-31,2981.836,1,0,1,4.77,7.36
21471,3849.0,4/6/2018,1,ONE,2018-02-01,2026-10-14,3123.459,1,0,1,4.47,4.06
17313,6000.0,5/9/2021,1,MSC,2021-04-01,2029-06-30,5612.35,1,1,1,1.38,6.77
10470,4420.0,3/24/2021,1,ONE,2020-11-16,2029-05-15,4136.34,1,0,1,1.5,6.65
26546,2267.0,3/16/2018,1,ONE,2018-02-01,2026-10-14,1904.18,1,0,1,4.53,4.06
1277,3832.0,12/18/2017,1,HAPAG,2017-11-01,2030-01-31,2981.838,1,0,1,4.77,7.36
12571,4420.0,3/3/2021,1,ONE,2020-11-16,2029-05-15,4117.43,1,0,1,1.56,6.65
26797,3682.0,1/1/2018,1,HAPAG,2017-11-01,2030-01-31,2869.54,1,0,1,4.73,7.36
1048,3832.0,12/18/2017,1,HAPAG,2017-11-01,2030-01-31,2981.834,1,0,1,4.77,7.36
3243,3682.0,2/28/2018,1,MSC,2018-03-01,2032-07-31,2917.31,1,1,1,4.57,9.86
4326,3682.0,2/28/2018,1,MSC,2018-03-01,2032-07-31,2917.313,1,1,1,4.57,9.86
19062,5150.0,5/21/2021,1,MSC,2021-04-01,2029-06-30,4801.46,1,1,1,1.34,6.77
5127,3682.0,2/28/2018,1,MSC,2018-03-01,2032-07-31,2933.012,1,1,1,4.57,9.86
15205,6000.0,4/8/2021,1,MSC,2021-04-01,2029-06-30,5612.35,1,1,1,1.46,6.77
12453,4420.0,3/3/2021,1,ONE,2020-11-16,2029-05-15,4117.43,1,0,1,1.56,6.65
23623,2267.0,3/22/2018,1,ONE,2018-02-01,2026-10-14,1879.92,1,0,1,4.51,4.06
15830,6000.0,4/8/2021,1,MSC,2021-04-01,2029-06-30,5612.35,1,1,1,1.46,6.77
5796,3682.0,1/1/2018,1,MSC,2018-03-01,2032-07-31,2933.0,1,1,1,4.73,9.86
3334,3682.0,2/28/2018,1,MSC,2018-03-01,2032-07-31,2917.31,1,1,1,4.57,9.86
25223,2262.0,3/21/2018,1,ONE,2018-02-01,2026-10-14,1900.264,1,0,1,4.51,4.06
26676,2267.0,3/16/2018,1,ONE,2018-02-01,2026-10-14,1904.185,1,0,1,4.53,4.06
22067,2267.0,3/22/2018,1,ONE,2018-02-01,2026-10-14,1888.002,1,0,1,4.51,4.06
7352,3702.0,6/11/2018,1,MSC,2018-03-01,2032-07-31,2983.22,1,1,1,4.29,9.86
24081,2267.0,3/22/2018,1,ONE,2018-02-01,2026-10-14,1896.158,1,0,1,4.51,4.06
19843,3849.0,4/6/2018,1,ONE,2018-02-01,2026-10-14,3123.45,1,0,1,4.47,4.06
11509,4420.0,3/3/2021,1,ONE,2020-11-16,2029-05-15,4117.43,1,0,1,1.56,6.65
15857,6000.0,4/8/2021,1,MSC,2021-04-01,2029-06-30,5612.35,1,1,1,1.46,6.77
23406,2267.0,3/22/2018,1,ONE,2018-02-01,2026-10-14,1896.09,1,0,1,4.51,4.06
23721,2267.0,3/22/2018,1,ONE,2018-02-01,2026-10-14,1879.92,1,0,1,4.51,4.06
28556,3682.0,1/3/2018,1,HAPAG,2017-11-01,2030-01-31,2885.58,1,0,1,4.72,7.36
23283,2267.0,3/22/2018,1,ONE,2018-02-01,2026-10-14,1896.08,1,0,1,4.51,4.06
8941,5150.0,4/20/2021,1,MSC,2021-04-01,2029-06-30,4773.96,1,1,1,1.43,6.77
18889,5150.0,4/20/2021,1,MSC,2021-04-01,2029-06-30,4773.958,1,1,1,1.43,6.77
1075,3832.0,12/18/2017,1,HAPAG,2017-11-01,2030-01-31,2981.834,1,0,1,4.77,7.36
29270,2182.0,1/2/2018,1,HAPAG,2017-11-01,2030-01-31,1784.486,1,0,1,4.73,7.36
1899,3832.0,12/18/2017,1,HAPAG,2017-11-01,2030-01-31,2981.797,1,0,1,4.77,7.36
19410,3849.0,4/6/2018,1,ONE,2018-02-01,2026-10-14,3123.45,1,0,1,4.47,4.06
10595,4420.0,3/24/2021,1,ONE,2020-11-16,2029-05-15,4136.34,1,0,1,1.5,6.65
22159,2267.0,3/22/2018,1,ONE,2018-02-01,2026-10-14,1888.001,1,0,1,4.51,4.06
27960,3682.0,1/3/2018,1,HAPAG,2017-11-01,2030-01-31,2869.54,1,0,1,4.72,7.36
12553,4420.0,3/3/2021,1,ONE,2020-11-16,2029-05-15,4117.43,1,0,1,1.56,6.65
9645,4420.0,3/24/2021,1,ONE,2020-11-16,2029-05-15,4136.34,1,0,1,1.5,6.65
22987,2267.0,3/22/2018,1,ONE,2018-02-01,2026-10-14,1896.09,1,0,1,4.51,4.06
22199,2267.0,3/22/2018,1,ONE,2018-02-01,2026-10-14,1888.001,1,0,1,4.51,4.06
4828,3682.0,2/28/2018,1,MSC,2018-03-01,2032-07-31,2933.008,1,1,1,4.57,9.86
11488,4420.0,3/24/2021,1,ONE,2020-11-16,2029-05-15,4155.25,1,0,1,1.5,6.65
13285,6007.0,4/28/2021,1,MSC,2021-04-01,2029-06-30,5618.8,1,1,1,1.41,6.77
14441,6000.0,4/8/2021,1,MSC,2021-04-01,2029-06-30,5612.35,1,1,1,1.46,6.77
14326,6000.0,4/8/2021,1,MSC,2021-04-01,2029-06-30,5612.35,1,1,1,1.46,6.77
8267,3702.0,6/11/2018,1,MSC,2018-03-01,2032-07-31,2967.91,1,1,1,4.29,9.86
28139,3682.0,1/3/2018,1,HAPAG,2017-11-01,2030-01-31,2869.54,1,0,1,4.72,7.36
2563,3714.8,7/13/2018,1,PANOCEAN,2018-07-16,2023-09-30,3023.447,1,0,0,4.2,1.02
8515,3702.0,6/11/2018,1,MSC,2018-03-01,2032-07-31,2967.86,1,1,1,4.29,9.86
4857,3682.0,2/28/2018,1,MSC,2018-03-01,2032-07-31,2933.008,1,1,1,4.57,9.86
21893,2267.0,3/22/2018,1,ONE,2018-02-01,2026-10-14,1888.004,1,0,1,4.51,4.06
23949,2267.0,3/22/2018,1,ONE,2018-02-01,2026-10-14,1896.17,1,0,1,4.51,4.06
14616,6000.0,4/8/2021,1,MSC,2021-04-01,2029-06-30,5612.35,1,1,1,1.46,6.77
21270,3849.0,4/6/2018,1,ONE,2018-02-01,2026-10-14,3123.456,1,0,1,4.47,4.06
12825,4420.0,3/3/2021,1,ONE,2020-11-16,2029-05-15,4117.43,1,0,1,1.56,6.65
12490,4420.0,3/3/2021,1,ONE,2020-11-16,2029-05-15,4117.43,1,0,1,1.56,6.65
10338,4420.0,3/24/2021,1,ONE,2020-11-16,2029-05-15,4136.34,1,0,1,1.5,6.65
17986,6000.0,4/12/2021,1,MSC,2021-04-01,2029-06-30,5612.35,1,1,1,1.45,6.77
10411,4420.0,3/24/2021,1,ONE,2020-11-16,2029-05-15,4136.34,1,0,1,1.5,6.65
730,3832.0,12/18/2017,1,HAPAG,2017-11-01,2030-01-31,2981.834,1,0,1,4.77,7.36
22480,2267.0,3/22/2018,1,ONE,2018-02-01,2026-10-14,1888.005,1,0,1,4.51,4.06
11755,4420.0,3/3/2021,1,ONE,2020-11-16,2029-05-15,4117.43,1,0,1,1.56,6.65
21931,2267.0,3/22/2018,1,ONE,2018-02-01,2026-10-14,1888.004,1,0,1,4.51,4.06
19181,5150.0,5/21/2021,1,MSC,2021-04-01,2029-06-30,4801.46,1,1,1,1.34,6.77
26229,2262.0,3/21/2018,1,ONE,2018-02-01,2026-10-14,1884.21,1,0,1,4.51,4.06
